nombre_indicador,SpatialDimType,SpatialDim,SpatialDim_es,TimeDim,Numeric_value
Tasa de fecundidad en adolescentes (nacimientos por 1 000 mujeres de 15 a 19 años),COUNTRY,ARG,Argentina,1995,72.81
Tasa de fecundidad en adolescentes (nacimientos por 1 000 mujeres de 15 a 19 años),COUNTRY,ARG,Argentina,1996,71.39
Tasa de fecundidad en adolescentes (nacimientos por 1 000 mujeres de 15 a 19 años),COUNTRY,ARG,Argentina,1997,70.424
Tasa de fecundidad en adolescentes (nacimientos por 1 000 mujeres de 15 a 19 años),COUNTRY,ARG,Argentina,1998,69.307
Tasa de fecundidad en adolescentes (nacimientos por 1 000 mujeres de 15 a 19 años),COUNTRY,ARG,Argentina,1999,68.268
Tasa de fecundidad en adolescentes (nacimientos por 1 000 mujeres de 15 a 19 años),COUNTRY,ARG,Argentina,2000,66.54
Tasa de fecundidad en adolescentes (nacimientos por 1 000 mujeres de 15 a 19 años),COUNTRY,ARG,Argentina,2001,64.0
Tasa de fecundidad en adolescentes (nacimientos por 1 000 mujeres de 15 a 19 años),COUNTRY,ARG,Argentina,2002,63.078
Tasa de fecundidad en adolescentes (nacimientos por 1 000 mujeres de 15 a 19 años),COUNTRY,ARG,Argentina,2003,60.281
Tasa de fecundidad en adolescentes (nacimientos por 1 000 mujeres de 15 a 19 años),COUNTRY,ARG,Argentina,2004,62.62
Tasa de fecundidad en adolescentes (nacimientos por 1 000 mujeres de 15 a 19 años),COUNTRY,ARG,Argentina,2005,64.877
Tasa de fecundidad en adolescentes (nacimientos por 1 000 mujeres de 15 a 19 años),COUNTRY,ARG,Argentina,2006,64.07
Tasa de fecundidad en adolescentes (nacimientos por 1 000 mujeres de 15 a 19 años),COUNTRY,ARG,Argentina,2007,66.424
Tasa de fecundidad en adolescentes (nacimientos por 1 000 mujeres de 15 a 19 años),COUNTRY,ARG,Argentina,2008,66.149
Tasa de fecundidad en adolescentes (nacimientos por 1 000 mujeres de 15 a 19 años),COUNTRY,ARG,Argentina,2009,66.695
Tasa de fecundidad en adolescentes (nacimientos por 1 000 mujeres de 15 a 19 años),COUNTRY,ARG,Argentina,2010,67.064
Tasa de fecundidad en adolescentes (nacimientos por 1 000 mujeres de 15 a 19 años),COUNTRY,ARG,Argentina,2011,68.264
Tasa de fecundidad en adolescentes (nacimientos por 1 000 mujeres de 15 a 19 años),COUNTRY,ARG,Argentina,2012,68.719
Tasa de fecundidad en adolescentes (nacimientos por 1 000 mujeres de 15 a 19 años),COUNTRY,ARG,Argentina,2013,69.167
Tasa de fecundidad en adolescentes (nacimientos por 1 000 mujeres de 15 a 19 años),COUNTRY,ARG,Argentina,2014,67.791
Tasa de fecundidad en adolescentes (nacimientos por 1 000 mujeres de 15 a 19 años),COUNTRY,ARG,Argentina,2015,65.395
Tasa de fecundidad en adolescentes (nacimientos por 1 000 mujeres de 15 a 19 años),COUNTRY,ARG,Argentina,2016,61.852
Tasa de fecundidad en adolescentes (nacimientos por 1 000 mujeres de 15 a 19 años),COUNTRY,ARG,Argentina,2017,57.783
Tasa de fecundidad en adolescentes (nacimientos por 1 000 mujeres de 15 a 19 años),COUNTRY,ARG,Argentina,2018,51.029
Tasa de fecundidad en adolescentes (nacimientos por 1 000 mujeres de 15 a 19 años),COUNTRY,ARG,Argentina,2019,46.153
Tasa de fecundidad en adolescentes (nacimientos por 1 000 mujeres de 15 a 19 años),COUNTRY,ARG,Argentina,2020,39.866
Tasa de fecundidad en adolescentes (nacimientos por 1 000 mujeres de 15 a 19 años),COUNTRY,ARG,Argentina,2021,39.065
Tasa de fecundidad en adolescentes (nacimientos por 1 000 mujeres de 15 a 19 años),COUNTRY,ARG,Argentina,2022,37.932
Tasa de fecundidad en adolescentes (nacimientos por 1 000 mujeres de 15 a 19 años),COUNTRY,ARG,Argentina,2023,36.829
Tasa de fecundidad en adolescentes (nacimientos por 1 000 mujeres de 15 a 19 años),COUNTRY,ARG,Argentina,2024,35.853
Tasa de fecundidad en adolescentes (nacimientos por 1 000 mujeres de 15 a 19 años),COUNTRY,ATG,Antigua y Barbuda,1995,69.521
Tasa de fecundidad en adolescentes (nacimientos por 1 000 mujeres de 15 a 19 años),COUNTRY,ATG,Antigua y Barbuda,1996,70.121
Tasa de fecundidad en adolescentes (nacimientos por 1 000 mujeres de 15 a 19 años),COUNTRY,ATG,Antigua y Barbuda,1997,64.099
Tasa de fecundidad en adolescentes (nacimientos por 1 000 mujeres de 15 a 19 años),COUNTRY,ATG,Antigua y Barbuda,1998,58.318
Tasa de fecundidad en adolescentes (nacimientos por 1 000 mujeres de 15 a 19 años),COUNTRY,ATG,Antigua y Barbuda,1999,57.002
Tasa de fecundidad en adolescentes (nacimientos por 1 000 mujeres de 15 a 19 años),COUNTRY,ATG,Antigua y Barbuda,2000,63.429
Tasa de fecundidad en adolescentes (nacimientos por 1 000 mujeres de 15 a 19 años),COUNTRY,ATG,Antigua y Barbuda,2001,61.027
Tasa de fecundidad en adolescentes (nacimientos por 1 000 mujeres de 15 a 19 años),COUNTRY,ATG,Antigua y Barbuda,2002,56.92
Tasa de fecundidad en adolescentes (nacimientos por 1 000 mujeres de 15 a 19 años),COUNTRY,ATG,Antigua y Barbuda,2003,53.757
Tasa de fecundidad en adolescentes (nacimientos por 1 000 mujeres de 15 a 19 años),COUNTRY,ATG,Antigua y Barbuda,2004,51.554
Tasa de fecundidad en adolescentes (nacimientos por 1 000 mujeres de 15 a 19 años),COUNTRY,ATG,Antigua y Barbuda,2005,49.532
Tasa de fecundidad en adolescentes (nacimientos por 1 000 mujeres de 15 a 19 años),COUNTRY,ATG,Antigua y Barbuda,2006,48.18
Tasa de fecundidad en adolescentes (nacimientos por 1 000 mujeres de 15 a 19 años),COUNTRY,ATG,Antigua y Barbuda,2007,48.723
Tasa de fecundidad en adolescentes (nacimientos por 1 000 mujeres de 15 a 19 años),COUNTRY,ATG,Antigua y Barbuda,2008,54.779
Tasa de fecundidad en adolescentes (nacimientos por 1 000 mujeres de 15 a 19 años),COUNTRY,ATG,Antigua y Barbuda,2009,51.622
Tasa de fecundidad en adolescentes (nacimientos por 1 000 mujeres de 15 a 19 años),COUNTRY,ATG,Antigua y Barbuda,2010,42.477
Tasa de fecundidad en adolescentes (nacimientos por 1 000 mujeres de 15 a 19 años),COUNTRY,ATG,Antigua y Barbuda,2011,40.163
Tasa de fecundidad en adolescentes (nacimientos por 1 000 mujeres de 15 a 19 años),COUNTRY,ATG,Antigua y Barbuda,2012,36.808
Tasa de fecundidad en adolescentes (nacimientos por 1 000 mujeres de 15 a 19 años),COUNTRY,ATG,Antigua y Barbuda,2013,33.761
Tasa de fecundidad en adolescentes (nacimientos por 1 000 mujeres de 15 a 19 años),COUNTRY,ATG,Antigua y Barbuda,2014,33.422
Tasa de fecundidad en adolescentes (nacimientos por 1 000 mujeres de 15 a 19 años),COUNTRY,ATG,Antigua y Barbuda,2015,34.834
Tasa de fecundidad en adolescentes (nacimientos por 1 000 mujeres de 15 a 19 años),COUNTRY,ATG,Antigua y Barbuda,2016,30.373
Tasa de fecundidad en adolescentes (nacimientos por 1 000 mujeres de 15 a 19 años),COUNTRY,ATG,Antigua y Barbuda,2017,30.352
Tasa de fecundidad en adolescentes (nacimientos por 1 000 mujeres de 15 a 19 años),COUNTRY,ATG,Antigua y Barbuda,2018,27.548
Tasa de fecundidad en adolescentes (nacimientos por 1 000 mujeres de 15 a 19 años),COUNTRY,ATG,Antigua y Barbuda,2019,30.83
Tasa de fecundidad en adolescentes (nacimientos por 1 000 mujeres de 15 a 19 años),COUNTRY,ATG,Antigua y Barbuda,2020,32.959
Tasa de fecundidad en adolescentes (nacimientos por 1 000 mujeres de 15 a 19 años),COUNTRY,ATG,Antigua y Barbuda,2021,33.11
Tasa de fecundidad en adolescentes (nacimientos por 1 000 mujeres de 15 a 19 años),COUNTRY,ATG,Antigua y Barbuda,2022,32.262
Tasa de fecundidad en adolescentes (nacimientos por 1 000 mujeres de 15 a 19 años),COUNTRY,ATG,Antigua y Barbuda,2023,31.207
Tasa de fecundidad en adolescentes (nacimientos por 1 000 mujeres de 15 a 19 años),COUNTRY,ATG,Antigua y Barbuda,2024,30.175
Tasa de fecundidad en adolescentes (nacimientos por 1 000 mujeres de 15 a 19 años),COUNTRY,BHS,Bahamas,1995,67.363
Tasa de fecundidad en adolescentes (nacimientos por 1 000 mujeres de 15 a 19 años),COUNTRY,BHS,Bahamas,1996,63.053
Tasa de fecundidad en adolescentes (nacimientos por 1 000 mujeres de 15 a 19 años),COUNTRY,BHS,Bahamas,1997,60.951
Tasa de fecundidad en adolescentes (nacimientos por 1 000 mujeres de 15 a 19 años),COUNTRY,BHS,Bahamas,1998,55.841
Tasa de fecundidad en adolescentes (nacimientos por 1 000 mujeres de 15 a 19 años),COUNTRY,BHS,Bahamas,1999,49.427
Tasa de fecundidad en adolescentes (nacimientos por 1 000 mujeres de 15 a 19 años),COUNTRY,BHS,Bahamas,2000,47.804
Tasa de fecundidad en adolescentes (nacimientos por 1 000 mujeres de 15 a 19 años),COUNTRY,BHS,Bahamas,2001,47.952
Tasa de fecundidad en adolescentes (nacimientos por 1 000 mujeres de 15 a 19 años),COUNTRY,BHS,Bahamas,2002,46.222
Tasa de fecundidad en adolescentes (nacimientos por 1 000 mujeres de 15 a 19 años),COUNTRY,BHS,Bahamas,2003,44.582
Tasa de fecundidad en adolescentes (nacimientos por 1 000 mujeres de 15 a 19 años),COUNTRY,BHS,Bahamas,2004,43.987
Tasa de fecundidad en adolescentes (nacimientos por 1 000 mujeres de 15 a 19 años),COUNTRY,BHS,Bahamas,2005,44.139
Tasa de fecundidad en adolescentes (nacimientos por 1 000 mujeres de 15 a 19 años),COUNTRY,BHS,Bahamas,2006,37.177
Tasa de fecundidad en adolescentes (nacimientos por 1 000 mujeres de 15 a 19 años),COUNTRY,BHS,Bahamas,2007,39.172
Tasa de fecundidad en adolescentes (nacimientos por 1 000 mujeres de 15 a 19 años),COUNTRY,BHS,Bahamas,2008,40.785
Tasa de fecundidad en adolescentes (nacimientos por 1 000 mujeres de 15 a 19 años),COUNTRY,BHS,Bahamas,2009,38.38
Tasa de fecundidad en adolescentes (nacimientos por 1 000 mujeres de 15 a 19 años),COUNTRY,BHS,Bahamas,2010,35.993
Tasa de fecundidad en adolescentes (nacimientos por 1 000 mujeres de 15 a 19 años),COUNTRY,BHS,Bahamas,2011,33.855
Tasa de fecundidad en adolescentes (nacimientos por 1 000 mujeres de 15 a 19 años),COUNTRY,BHS,Bahamas,2012,34.694
Tasa de fecundidad en adolescentes (nacimientos por 1 000 mujeres de 15 a 19 años),COUNTRY,BHS,Bahamas,2013,28.784
Tasa de fecundidad en adolescentes (nacimientos por 1 000 mujeres de 15 a 19 años),COUNTRY,BHS,Bahamas,2014,33.017
Tasa de fecundidad en adolescentes (nacimientos por 1 000 mujeres de 15 a 19 años),COUNTRY,BHS,Bahamas,2015,30.622
Tasa de fecundidad en adolescentes (nacimientos por 1 000 mujeres de 15 a 19 años),COUNTRY,BHS,Bahamas,2016,28.642
Tasa de fecundidad en adolescentes (nacimientos por 1 000 mujeres de 15 a 19 años),COUNTRY,BHS,Bahamas,2017,26.67
Tasa de fecundidad en adolescentes (nacimientos por 1 000 mujeres de 15 a 19 años),COUNTRY,BHS,Bahamas,2018,26.371
Tasa de fecundidad en adolescentes (nacimientos por 1 000 mujeres de 15 a 19 años),COUNTRY,BHS,Bahamas,2019,26.022
Tasa de fecundidad en adolescentes (nacimientos por 1 000 mujeres de 15 a 19 años),COUNTRY,BHS,Bahamas,2020,25.84
Tasa de fecundidad en adolescentes (nacimientos por 1 000 mujeres de 15 a 19 años),COUNTRY,BHS,Bahamas,2021,25.686
Tasa de fecundidad en adolescentes (nacimientos por 1 000 mujeres de 15 a 19 años),COUNTRY,BHS,Bahamas,2022,25.079
Tasa de fecundidad en adolescentes (nacimientos por 1 000 mujeres de 15 a 19 años),COUNTRY,BHS,Bahamas,2023,24.525
Tasa de fecundidad en adolescentes (nacimientos por 1 000 mujeres de 15 a 19 años),COUNTRY,BHS,Bahamas,2024,24.3
Tasa de fecundidad en adolescentes (nacimientos por 1 000 mujeres de 15 a 19 años),COUNTRY,BLZ,Belice,1995,111.14
Tasa de fecundidad en adolescentes (nacimientos por 1 000 mujeres de 15 a 19 años),COUNTRY,BLZ,Belice,1996,104.564
Tasa de fecundidad en adolescentes (nacimientos por 1 000 mujeres de 15 a 19 años),COUNTRY,BLZ,Belice,1997,102.718
Tasa de fecundidad en adolescentes (nacimientos por 1 000 mujeres de 15 a 19 años),COUNTRY,BLZ,Belice,1998,101.626
Tasa de fecundidad en adolescentes (nacimientos por 1 000 mujeres de 15 a 19 años),COUNTRY,BLZ,Belice,1999,101.826
Tasa de fecundidad en adolescentes (nacimientos por 1 000 mujeres de 15 a 19 años),COUNTRY,BLZ,Belice,2000,99.894
Tasa de fecundidad en adolescentes (nacimientos por 1 000 mujeres de 15 a 19 años),COUNTRY,BLZ,Belice,2001,99.264
Tasa de fecundidad en adolescentes (nacimientos por 1 000 mujeres de 15 a 19 años),COUNTRY,BLZ,Belice,2002,96.295
Tasa de fecundidad en adolescentes (nacimientos por 1 000 mujeres de 15 a 19 años),COUNTRY,BLZ,Belice,2003,90.829
Tasa de fecundidad en adolescentes (nacimientos por 1 000 mujeres de 15 a 19 años),COUNTRY,BLZ,Belice,2004,89.73
Tasa de fecundidad en adolescentes (nacimientos por 1 000 mujeres de 15 a 19 años),COUNTRY,BLZ,Belice,2005,90.57
Tasa de fecundidad en adolescentes (nacimientos por 1 000 mujeres de 15 a 19 años),COUNTRY,BLZ,Belice,2006,83.613
Tasa de fecundidad en adolescentes (nacimientos por 1 000 mujeres de 15 a 19 años),COUNTRY,BLZ,Belice,2007,79.723
Tasa de fecundidad en adolescentes (nacimientos por 1 000 mujeres de 15 a 19 años),COUNTRY,BLZ,Belice,2008,77.025
Tasa de fecundidad en adolescentes (nacimientos por 1 000 mujeres de 15 a 19 años),COUNTRY,BLZ,Belice,2009,74.454
Tasa de fecundidad en adolescentes (nacimientos por 1 000 mujeres de 15 a 19 años),COUNTRY,BLZ,Belice,2010,71.989
Tasa de fecundidad en adolescentes (nacimientos por 1 000 mujeres de 15 a 19 años),COUNTRY,BLZ,Belice,2011,74.011
Tasa de fecundidad en adolescentes (nacimientos por 1 000 mujeres de 15 a 19 años),COUNTRY,BLZ,Belice,2012,73.396
Tasa de fecundidad en adolescentes (nacimientos por 1 000 mujeres de 15 a 19 años),COUNTRY,BLZ,Belice,2013,72.832
Tasa de fecundidad en adolescentes (nacimientos por 1 000 mujeres de 15 a 19 años),COUNTRY,BLZ,Belice,2014,70.722
Tasa de fecundidad en adolescentes (nacimientos por 1 000 mujeres de 15 a 19 años),COUNTRY,BLZ,Belice,2015,69.786
Tasa de fecundidad en adolescentes (nacimientos por 1 000 mujeres de 15 a 19 años),COUNTRY,BLZ,Belice,2016,70.523
Tasa de fecundidad en adolescentes (nacimientos por 1 000 mujeres de 15 a 19 años),COUNTRY,BLZ,Belice,2017,69.627
Tasa de fecundidad en adolescentes (nacimientos por 1 000 mujeres de 15 a 19 años),COUNTRY,BLZ,Belice,2018,72.062
Tasa de fecundidad en adolescentes (nacimientos por 1 000 mujeres de 15 a 19 años),COUNTRY,BLZ,Belice,2019,64.404
Tasa de fecundidad en adolescentes (nacimientos por 1 000 mujeres de 15 a 19 años),COUNTRY,BLZ,Belice,2020,56.671
Tasa de fecundidad en adolescentes (nacimientos por 1 000 mujeres de 15 a 19 años),COUNTRY,BLZ,Belice,2021,57.127
Tasa de fecundidad en adolescentes (nacimientos por 1 000 mujeres de 15 a 19 años),COUNTRY,BLZ,Belice,2022,56.569
Tasa de fecundidad en adolescentes (nacimientos por 1 000 mujeres de 15 a 19 años),COUNTRY,BLZ,Belice,2023,56.412
Tasa de fecundidad en adolescentes (nacimientos por 1 000 mujeres de 15 a 19 años),COUNTRY,BLZ,Belice,2024,55.999
Tasa de fecundidad en adolescentes (nacimientos por 1 000 mujeres de 15 a 19 años),COUNTRY,BRA,Brasil,1995,86.592
Tasa de fecundidad en adolescentes (nacimientos por 1 000 mujeres de 15 a 19 años),COUNTRY,BRA,Brasil,1996,86.76
Tasa de fecundidad en adolescentes (nacimientos por 1 000 mujeres de 15 a 19 años),COUNTRY,BRA,Brasil,1997,87.621
Tasa de fecundidad en adolescentes (nacimientos por 1 000 mujeres de 15 a 19 años),COUNTRY,BRA,Brasil,1998,88.216
Tasa de fecundidad en adolescentes (nacimientos por 1 000 mujeres de 15 a 19 años),COUNTRY,BRA,Brasil,1999,87.211
Tasa de fecundidad en adolescentes (nacimientos por 1 000 mujeres de 15 a 19 años),COUNTRY,BRA,Brasil,2000,86.362
Tasa de fecundidad en adolescentes (nacimientos por 1 000 mujeres de 15 a 19 años),COUNTRY,BRA,Brasil,2001,85.862
Tasa de fecundidad en adolescentes (nacimientos por 1 000 mujeres de 15 a 19 años),COUNTRY,BRA,Brasil,2002,81.978
Tasa de fecundidad en adolescentes (nacimientos por 1 000 mujeres de 15 a 19 años),COUNTRY,BRA,Brasil,2003,78.704
Tasa de fecundidad en adolescentes (nacimientos por 1 000 mujeres de 15 a 19 años),COUNTRY,BRA,Brasil,2004,78.351
Tasa de fecundidad en adolescentes (nacimientos por 1 000 mujeres de 15 a 19 años),COUNTRY,BRA,Brasil,2005,77.864
Tasa de fecundidad en adolescentes (nacimientos por 1 000 mujeres de 15 a 19 años),COUNTRY,BRA,Brasil,2006,75.657
Tasa de fecundidad en adolescentes (nacimientos por 1 000 mujeres de 15 a 19 años),COUNTRY,BRA,Brasil,2007,73.105
Tasa de fecundidad en adolescentes (nacimientos por 1 000 mujeres de 15 a 19 años),COUNTRY,BRA,Brasil,2008,69.789
Tasa de fecundidad en adolescentes (nacimientos por 1 000 mujeres de 15 a 19 años),COUNTRY,BRA,Brasil,2009,67.881
Tasa de fecundidad en adolescentes (nacimientos por 1 000 mujeres de 15 a 19 años),COUNTRY,BRA,Brasil,2010,66.179
Tasa de fecundidad en adolescentes (nacimientos por 1 000 mujeres de 15 a 19 años),COUNTRY,BRA,Brasil,2011,65.23
Tasa de fecundidad en adolescentes (nacimientos por 1 000 mujeres de 15 a 19 años),COUNTRY,BRA,Brasil,2012,63.675
Tasa de fecundidad en adolescentes (nacimientos por 1 000 mujeres de 15 a 19 años),COUNTRY,BRA,Brasil,2013,62.936
Tasa de fecundidad en adolescentes (nacimientos por 1 000 mujeres de 15 a 19 años),COUNTRY,BRA,Brasil,2014,63.12
Tasa de fecundidad en adolescentes (nacimientos por 1 000 mujeres de 15 a 19 años),COUNTRY,BRA,Brasil,2015,62.434
Tasa de fecundidad en adolescentes (nacimientos por 1 000 mujeres de 15 a 19 años),COUNTRY,BRA,Brasil,2016,57.88
Tasa de fecundidad en adolescentes (nacimientos por 1 000 mujeres de 15 a 19 años),COUNTRY,BRA,Brasil,2017,55.566
Tasa de fecundidad en adolescentes (nacimientos por 1 000 mujeres de 15 a 19 años),COUNTRY,BRA,Brasil,2018,53.436
Tasa de fecundidad en adolescentes (nacimientos por 1 000 mujeres de 15 a 19 años),COUNTRY,BRA,Brasil,2019,50.015
Tasa de fecundidad en adolescentes (nacimientos por 1 000 mujeres de 15 a 19 años),COUNTRY,BRA,Brasil,2020,46.296
Tasa de fecundidad en adolescentes (nacimientos por 1 000 mujeres de 15 a 19 años),COUNTRY,BRA,Brasil,2021,45.2
Tasa de fecundidad en adolescentes (nacimientos por 1 000 mujeres de 15 a 19 años),COUNTRY,BRA,Brasil,2022,43.582
Tasa de fecundidad en adolescentes (nacimientos por 1 000 mujeres de 15 a 19 años),COUNTRY,BRA,Brasil,2023,42.369
Tasa de fecundidad en adolescentes (nacimientos por 1 000 mujeres de 15 a 19 años),COUNTRY,BRA,Brasil,2024,41.203
Tasa de fecundidad en adolescentes (nacimientos por 1 000 mujeres de 15 a 19 años),COUNTRY,BRB,Barbados,1995,55.938
Tasa de fecundidad en adolescentes (nacimientos por 1 000 mujeres de 15 a 19 años),COUNTRY,BRB,Barbados,1996,56.26
Tasa de fecundidad en adolescentes (nacimientos por 1 000 mujeres de 15 a 19 años),COUNTRY,BRB,Barbados,1997,55.827
Tasa de fecundidad en adolescentes (nacimientos por 1 000 mujeres de 15 a 19 años),COUNTRY,BRB,Barbados,1998,55.928
Tasa de fecundidad en adolescentes (nacimientos por 1 000 mujeres de 15 a 19 años),COUNTRY,BRB,Barbados,1999,52.703
Tasa de fecundidad en adolescentes (nacimientos por 1 000 mujeres de 15 a 19 años),COUNTRY,BRB,Barbados,2000,53.139
Tasa de fecundidad en adolescentes (nacimientos por 1 000 mujeres de 15 a 19 años),COUNTRY,BRB,Barbados,2001,54.927
Tasa de fecundidad en adolescentes (nacimientos por 1 000 mujeres de 15 a 19 años),COUNTRY,BRB,Barbados,2002,53.007
Tasa de fecundidad en adolescentes (nacimientos por 1 000 mujeres de 15 a 19 años),COUNTRY,BRB,Barbados,2003,51.115
Tasa de fecundidad en adolescentes (nacimientos por 1 000 mujeres de 15 a 19 años),COUNTRY,BRB,Barbados,2004,49.185
Tasa de fecundidad en adolescentes (nacimientos por 1 000 mujeres de 15 a 19 años),COUNTRY,BRB,Barbados,2005,47.61
Tasa de fecundidad en adolescentes (nacimientos por 1 000 mujeres de 15 a 19 años),COUNTRY,BRB,Barbados,2006,46.114
Tasa de fecundidad en adolescentes (nacimientos por 1 000 mujeres de 15 a 19 años),COUNTRY,BRB,Barbados,2007,46.1
Tasa de fecundidad en adolescentes (nacimientos por 1 000 mujeres de 15 a 19 años),COUNTRY,BRB,Barbados,2008,45.655
Tasa de fecundidad en adolescentes (nacimientos por 1 000 mujeres de 15 a 19 años),COUNTRY,BRB,Barbados,2009,45.758
Tasa de fecundidad en adolescentes (nacimientos por 1 000 mujeres de 15 a 19 años),COUNTRY,BRB,Barbados,2010,45.138
Tasa de fecundidad en adolescentes (nacimientos por 1 000 mujeres de 15 a 19 años),COUNTRY,BRB,Barbados,2011,44.533
Tasa de fecundidad en adolescentes (nacimientos por 1 000 mujeres de 15 a 19 años),COUNTRY,BRB,Barbados,2012,43.017
Tasa de fecundidad en adolescentes (nacimientos por 1 000 mujeres de 15 a 19 años),COUNTRY,BRB,Barbados,2013,42.192
Tasa de fecundidad en adolescentes (nacimientos por 1 000 mujeres de 15 a 19 años),COUNTRY,BRB,Barbados,2014,41.888
Tasa de fecundidad en adolescentes (nacimientos por 1 000 mujeres de 15 a 19 años),COUNTRY,BRB,Barbados,2015,41.555
Tasa de fecundidad en adolescentes (nacimientos por 1 000 mujeres de 15 a 19 años),COUNTRY,BRB,Barbados,2016,41.218
Tasa de fecundidad en adolescentes (nacimientos por 1 000 mujeres de 15 a 19 años),COUNTRY,BRB,Barbados,2017,41.438
Tasa de fecundidad en adolescentes (nacimientos por 1 000 mujeres de 15 a 19 años),COUNTRY,BRB,Barbados,2018,42.154
Tasa de fecundidad en adolescentes (nacimientos por 1 000 mujeres de 15 a 19 años),COUNTRY,BRB,Barbados,2019,42.163
Tasa de fecundidad en adolescentes (nacimientos por 1 000 mujeres de 15 a 19 años),COUNTRY,BRB,Barbados,2020,42.421
Tasa de fecundidad en adolescentes (nacimientos por 1 000 mujeres de 15 a 19 años),COUNTRY,BRB,Barbados,2021,42.297
Tasa de fecundidad en adolescentes (nacimientos por 1 000 mujeres de 15 a 19 años),COUNTRY,BRB,Barbados,2022,41.864
Tasa de fecundidad en adolescentes (nacimientos por 1 000 mujeres de 15 a 19 años),COUNTRY,BRB,Barbados,2023,40.723
Tasa de fecundidad en adolescentes (nacimientos por 1 000 mujeres de 15 a 19 años),COUNTRY,BRB,Barbados,2024,39.714
Tasa de fecundidad en adolescentes (nacimientos por 1 000 mujeres de 15 a 19 años),COUNTRY,CHL,Chile,1995,70.773
Tasa de fecundidad en adolescentes (nacimientos por 1 000 mujeres de 15 a 19 años),COUNTRY,CHL,Chile,1996,70.067
Tasa de fecundidad en adolescentes (nacimientos por 1 000 mujeres de 15 a 19 años),COUNTRY,CHL,Chile,1997,68.82
Tasa de fecundidad en adolescentes (nacimientos por 1 000 mujeres de 15 a 19 años),COUNTRY,CHL,Chile,1998,67.308
Tasa de fecundidad en adolescentes (nacimientos por 1 000 mujeres de 15 a 19 años),COUNTRY,CHL,Chile,1999,63.882
Tasa de fecundidad en adolescentes (nacimientos por 1 000 mujeres de 15 a 19 años),COUNTRY,CHL,Chile,2000,61.305
Tasa de fecundidad en adolescentes (nacimientos por 1 000 mujeres de 15 a 19 años),COUNTRY,CHL,Chile,2001,59.139
Tasa de fecundidad en adolescentes (nacimientos por 1 000 mujeres de 15 a 19 años),COUNTRY,CHL,Chile,2002,56.22
Tasa de fecundidad en adolescentes (nacimientos por 1 000 mujeres de 15 a 19 años),COUNTRY,CHL,Chile,2003,51.278
Tasa de fecundidad en adolescentes (nacimientos por 1 000 mujeres de 15 a 19 años),COUNTRY,CHL,Chile,2004,49.294
Tasa de fecundidad en adolescentes (nacimientos por 1 000 mujeres de 15 a 19 años),COUNTRY,CHL,Chile,2005,50.171
Tasa de fecundidad en adolescentes (nacimientos por 1 000 mujeres de 15 a 19 años),COUNTRY,CHL,Chile,2006,52.213
Tasa de fecundidad en adolescentes (nacimientos por 1 000 mujeres de 15 a 19 años),COUNTRY,CHL,Chile,2007,53.95
Tasa de fecundidad en adolescentes (nacimientos por 1 000 mujeres de 15 a 19 años),COUNTRY,CHL,Chile,2008,55.42
Tasa de fecundidad en adolescentes (nacimientos por 1 000 mujeres de 15 a 19 años),COUNTRY,CHL,Chile,2009,54.403
Tasa de fecundidad en adolescentes (nacimientos por 1 000 mujeres de 15 a 19 años),COUNTRY,CHL,Chile,2010,53.205
Tasa de fecundidad en adolescentes (nacimientos por 1 000 mujeres de 15 a 19 años),COUNTRY,CHL,Chile,2011,52.145
Tasa de fecundidad en adolescentes (nacimientos por 1 000 mujeres de 15 a 19 años),COUNTRY,CHL,Chile,2012,50.989
Tasa de fecundidad en adolescentes (nacimientos por 1 000 mujeres de 15 a 19 años),COUNTRY,CHL,Chile,2013,48.368
Tasa de fecundidad en adolescentes (nacimientos por 1 000 mujeres de 15 a 19 años),COUNTRY,CHL,Chile,2014,44.832
Tasa de fecundidad en adolescentes (nacimientos por 1 000 mujeres de 15 a 19 años),COUNTRY,CHL,Chile,2015,40.067
Tasa de fecundidad en adolescentes (nacimientos por 1 000 mujeres de 15 a 19 años),COUNTRY,CHL,Chile,2016,34.096
Tasa de fecundidad en adolescentes (nacimientos por 1 000 mujeres de 15 a 19 años),COUNTRY,CHL,Chile,2017,27.979
Tasa de fecundidad en adolescentes (nacimientos por 1 000 mujeres de 15 a 19 años),COUNTRY,CHL,Chile,2018,24.292
Tasa de fecundidad en adolescentes (nacimientos por 1 000 mujeres de 15 a 19 años),COUNTRY,CHL,Chile,2019,24.127
Tasa de fecundidad en adolescentes (nacimientos por 1 000 mujeres de 15 a 19 años),COUNTRY,CHL,Chile,2020,24.08
Tasa de fecundidad en adolescentes (nacimientos por 1 000 mujeres de 15 a 19 años),COUNTRY,CHL,Chile,2021,24.082
Tasa de fecundidad en adolescentes (nacimientos por 1 000 mujeres de 15 a 19 años),COUNTRY,CHL,Chile,2022,22.793
Tasa de fecundidad en adolescentes (nacimientos por 1 000 mujeres de 15 a 19 años),COUNTRY,CHL,Chile,2023,21.302
Tasa de fecundidad en adolescentes (nacimientos por 1 000 mujeres de 15 a 19 años),COUNTRY,CHL,Chile,2024,20.096
Tasa de fecundidad en adolescentes (nacimientos por 1 000 mujeres de 15 a 19 años),COUNTRY,COL,Colombia,1995,92.325
Tasa de fecundidad en adolescentes (nacimientos por 1 000 mujeres de 15 a 19 años),COUNTRY,COL,Colombia,1996,93.528
Tasa de fecundidad en adolescentes (nacimientos por 1 000 mujeres de 15 a 19 años),COUNTRY,COL,Colombia,1997,92.106
Tasa de fecundidad en adolescentes (nacimientos por 1 000 mujeres de 15 a 19 años),COUNTRY,COL,Colombia,1998,92.16
Tasa de fecundidad en adolescentes (nacimientos por 1 000 mujeres de 15 a 19 años),COUNTRY,COL,Colombia,1999,94.957
Tasa de fecundidad en adolescentes (nacimientos por 1 000 mujeres de 15 a 19 años),COUNTRY,COL,Colombia,2000,94.675
Tasa de fecundidad en adolescentes (nacimientos por 1 000 mujeres de 15 a 19 años),COUNTRY,COL,Colombia,2001,93.506
Tasa de fecundidad en adolescentes (nacimientos por 1 000 mujeres de 15 a 19 años),COUNTRY,COL,Colombia,2002,91.952
Tasa de fecundidad en adolescentes (nacimientos por 1 000 mujeres de 15 a 19 años),COUNTRY,COL,Colombia,2003,89.734
Tasa de fecundidad en adolescentes (nacimientos por 1 000 mujeres de 15 a 19 años),COUNTRY,COL,Colombia,2004,87.94
Tasa de fecundidad en adolescentes (nacimientos por 1 000 mujeres de 15 a 19 años),COUNTRY,COL,Colombia,2005,85.791
Tasa de fecundidad en adolescentes (nacimientos por 1 000 mujeres de 15 a 19 años),COUNTRY,COL,Colombia,2006,84.132
Tasa de fecundidad en adolescentes (nacimientos por 1 000 mujeres de 15 a 19 años),COUNTRY,COL,Colombia,2007,82.937
Tasa de fecundidad en adolescentes (nacimientos por 1 000 mujeres de 15 a 19 años),COUNTRY,COL,Colombia,2008,81.029
Tasa de fecundidad en adolescentes (nacimientos por 1 000 mujeres de 15 a 19 años),COUNTRY,COL,Colombia,2009,79.433
Tasa de fecundidad en adolescentes (nacimientos por 1 000 mujeres de 15 a 19 años),COUNTRY,COL,Colombia,2010,77.996
Tasa de fecundidad en adolescentes (nacimientos por 1 000 mujeres de 15 a 19 años),COUNTRY,COL,Colombia,2011,77.638
Tasa de fecundidad en adolescentes (nacimientos por 1 000 mujeres de 15 a 19 años),COUNTRY,COL,Colombia,2012,77.554
Tasa de fecundidad en adolescentes (nacimientos por 1 000 mujeres de 15 a 19 años),COUNTRY,COL,Colombia,2013,75.843
Tasa de fecundidad en adolescentes (nacimientos por 1 000 mujeres de 15 a 19 años),COUNTRY,COL,Colombia,2014,72.843
Tasa de fecundidad en adolescentes (nacimientos por 1 000 mujeres de 15 a 19 años),COUNTRY,COL,Colombia,2015,69.796
Tasa de fecundidad en adolescentes (nacimientos por 1 000 mujeres de 15 a 19 años),COUNTRY,COL,Colombia,2016,68.128
Tasa de fecundidad en adolescentes (nacimientos por 1 000 mujeres de 15 a 19 años),COUNTRY,COL,Colombia,2017,66.226
Tasa de fecundidad en adolescentes (nacimientos por 1 000 mujeres de 15 a 19 años),COUNTRY,COL,Colombia,2018,63.885
Tasa de fecundidad en adolescentes (nacimientos por 1 000 mujeres de 15 a 19 años),COUNTRY,COL,Colombia,2019,61.82
Tasa de fecundidad en adolescentes (nacimientos por 1 000 mujeres de 15 a 19 años),COUNTRY,COL,Colombia,2020,59.708
Tasa de fecundidad en adolescentes (nacimientos por 1 000 mujeres de 15 a 19 años),COUNTRY,COL,Colombia,2021,59.034
Tasa de fecundidad en adolescentes (nacimientos por 1 000 mujeres de 15 a 19 años),COUNTRY,COL,Colombia,2022,57.612
Tasa de fecundidad en adolescentes (nacimientos por 1 000 mujeres de 15 a 19 años),COUNTRY,COL,Colombia,2023,56.805
Tasa de fecundidad en adolescentes (nacimientos por 1 000 mujeres de 15 a 19 años),COUNTRY,COL,Colombia,2024,55.821
Tasa de fecundidad en adolescentes (nacimientos por 1 000 mujeres de 15 a 19 años),COUNTRY,CRI,Costa Rica,1995,87.957
Tasa de fecundidad en adolescentes (nacimientos por 1 000 mujeres de 15 a 19 años),COUNTRY,CRI,Costa Rica,1996,86.713
Tasa de fecundidad en adolescentes (nacimientos por 1 000 mujeres de 15 a 19 años),COUNTRY,CRI,Costa Rica,1997,86.829
Tasa de fecundidad en adolescentes (nacimientos por 1 000 mujeres de 15 a 19 años),COUNTRY,CRI,Costa Rica,1998,84.553
Tasa de fecundidad en adolescentes (nacimientos por 1 000 mujeres de 15 a 19 años),COUNTRY,CRI,Costa Rica,1999,84.734
Tasa de fecundidad en adolescentes (nacimientos por 1 000 mujeres de 15 a 19 años),COUNTRY,CRI,Costa Rica,2000,82.104
Tasa de fecundidad en adolescentes (nacimientos por 1 000 mujeres de 15 a 19 años),COUNTRY,CRI,Costa Rica,2001,76.014
Tasa de fecundidad en adolescentes (nacimientos por 1 000 mujeres de 15 a 19 años),COUNTRY,CRI,Costa Rica,2002,71.194
Tasa de fecundidad en adolescentes (nacimientos por 1 000 mujeres de 15 a 19 años),COUNTRY,CRI,Costa Rica,2003,69.445
Tasa de fecundidad en adolescentes (nacimientos por 1 000 mujeres de 15 a 19 años),COUNTRY,CRI,Costa Rica,2004,68.081
Tasa de fecundidad en adolescentes (nacimientos por 1 000 mujeres de 15 a 19 años),COUNTRY,CRI,Costa Rica,2005,66.38
Tasa de fecundidad en adolescentes (nacimientos por 1 000 mujeres de 15 a 19 años),COUNTRY,CRI,Costa Rica,2006,66.242
Tasa de fecundidad en adolescentes (nacimientos por 1 000 mujeres de 15 a 19 años),COUNTRY,CRI,Costa Rica,2007,67.813
Tasa de fecundidad en adolescentes (nacimientos por 1 000 mujeres de 15 a 19 años),COUNTRY,CRI,Costa Rica,2008,69.868
Tasa de fecundidad en adolescentes (nacimientos por 1 000 mujeres de 15 a 19 años),COUNTRY,CRI,Costa Rica,2009,67.674
Tasa de fecundidad en adolescentes (nacimientos por 1 000 mujeres de 15 a 19 años),COUNTRY,CRI,Costa Rica,2010,65.123
Tasa de fecundidad en adolescentes (nacimientos por 1 000 mujeres de 15 a 19 años),COUNTRY,CRI,Costa Rica,2011,64.909
Tasa de fecundidad en adolescentes (nacimientos por 1 000 mujeres de 15 a 19 años),COUNTRY,CRI,Costa Rica,2012,65.567
Tasa de fecundidad en adolescentes (nacimientos por 1 000 mujeres de 15 a 19 años),COUNTRY,CRI,Costa Rica,2013,62.31
Tasa de fecundidad en adolescentes (nacimientos por 1 000 mujeres de 15 a 19 años),COUNTRY,CRI,Costa Rica,2014,58.971
Tasa de fecundidad en adolescentes (nacimientos por 1 000 mujeres de 15 a 19 años),COUNTRY,CRI,Costa Rica,2015,55.253
Tasa de fecundidad en adolescentes (nacimientos por 1 000 mujeres de 15 a 19 años),COUNTRY,CRI,Costa Rica,2016,53.031
Tasa de fecundidad en adolescentes (nacimientos por 1 000 mujeres de 15 a 19 años),COUNTRY,CRI,Costa Rica,2017,53.783
Tasa de fecundidad en adolescentes (nacimientos por 1 000 mujeres de 15 a 19 años),COUNTRY,CRI,Costa Rica,2018,51.147
Tasa de fecundidad en adolescentes (nacimientos por 1 000 mujeres de 15 a 19 años),COUNTRY,CRI,Costa Rica,2019,44.882
Tasa de fecundidad en adolescentes (nacimientos por 1 000 mujeres de 15 a 19 años),COUNTRY,CRI,Costa Rica,2020,38.024
Tasa de fecundidad en adolescentes (nacimientos por 1 000 mujeres de 15 a 19 años),COUNTRY,CRI,Costa Rica,2021,37.148
Tasa de fecundidad en adolescentes (nacimientos por 1 000 mujeres de 15 a 19 años),COUNTRY,CRI,Costa Rica,2022,35.749
Tasa de fecundidad en adolescentes (nacimientos por 1 000 mujeres de 15 a 19 años),COUNTRY,CRI,Costa Rica,2023,34.591
Tasa de fecundidad en adolescentes (nacimientos por 1 000 mujeres de 15 a 19 años),COUNTRY,CRI,Costa Rica,2024,33.467
Tasa de fecundidad en adolescentes (nacimientos por 1 000 mujeres de 15 a 19 años),COUNTRY,CUB,Cuba,1995,59.506
Tasa de fecundidad en adolescentes (nacimientos por 1 000 mujeres de 15 a 19 años),COUNTRY,CUB,Cuba,1996,53.524
Tasa de fecundidad en adolescentes (nacimientos por 1 000 mujeres de 15 a 19 años),COUNTRY,CUB,Cuba,1997,54.788
Tasa de fecundidad en adolescentes (nacimientos por 1 000 mujeres de 15 a 19 años),COUNTRY,CUB,Cuba,1998,50.969
Tasa de fecundidad en adolescentes (nacimientos por 1 000 mujeres de 15 a 19 años),COUNTRY,CUB,Cuba,1999,50.492
Tasa de fecundidad en adolescentes (nacimientos por 1 000 mujeres de 15 a 19 años),COUNTRY,CUB,Cuba,2000,47.865
Tasa de fecundidad en adolescentes (nacimientos por 1 000 mujeres de 15 a 19 años),COUNTRY,CUB,Cuba,2001,46.732
Tasa de fecundidad en adolescentes (nacimientos por 1 000 mujeres de 15 a 19 años),COUNTRY,CUB,Cuba,2002,47.209
Tasa de fecundidad en adolescentes (nacimientos por 1 000 mujeres de 15 a 19 años),COUNTRY,CUB,Cuba,2003,45.658
Tasa de fecundidad en adolescentes (nacimientos por 1 000 mujeres de 15 a 19 años),COUNTRY,CUB,Cuba,2004,44.258
Tasa de fecundidad en adolescentes (nacimientos por 1 000 mujeres de 15 a 19 años),COUNTRY,CUB,Cuba,2005,42.542
Tasa de fecundidad en adolescentes (nacimientos por 1 000 mujeres de 15 a 19 años),COUNTRY,CUB,Cuba,2006,40.429
Tasa de fecundidad en adolescentes (nacimientos por 1 000 mujeres de 15 a 19 años),COUNTRY,CUB,Cuba,2007,44.143
Tasa de fecundidad en adolescentes (nacimientos por 1 000 mujeres de 15 a 19 años),COUNTRY,CUB,Cuba,2008,51.481
Tasa de fecundidad en adolescentes (nacimientos por 1 000 mujeres de 15 a 19 años),COUNTRY,CUB,Cuba,2009,55.673
Tasa de fecundidad en adolescentes (nacimientos por 1 000 mujeres de 15 a 19 años),COUNTRY,CUB,Cuba,2010,55.976
Tasa de fecundidad en adolescentes (nacimientos por 1 000 mujeres de 15 a 19 años),COUNTRY,CUB,Cuba,2011,57.664
Tasa de fecundidad en adolescentes (nacimientos por 1 000 mujeres de 15 a 19 años),COUNTRY,CUB,Cuba,2012,52.634
Tasa de fecundidad en adolescentes (nacimientos por 1 000 mujeres de 15 a 19 años),COUNTRY,CUB,Cuba,2013,51.297
Tasa de fecundidad en adolescentes (nacimientos por 1 000 mujeres de 15 a 19 años),COUNTRY,CUB,Cuba,2014,49.249
Tasa de fecundidad en adolescentes (nacimientos por 1 000 mujeres de 15 a 19 años),COUNTRY,CUB,Cuba,2015,50.275
Tasa de fecundidad en adolescentes (nacimientos por 1 000 mujeres de 15 a 19 años),COUNTRY,CUB,Cuba,2016,49.205
Tasa de fecundidad en adolescentes (nacimientos por 1 000 mujeres de 15 a 19 años),COUNTRY,CUB,Cuba,2017,51.207
Tasa de fecundidad en adolescentes (nacimientos por 1 000 mujeres de 15 a 19 años),COUNTRY,CUB,Cuba,2018,53.938
Tasa de fecundidad en adolescentes (nacimientos por 1 000 mujeres de 15 a 19 años),COUNTRY,CUB,Cuba,2019,52.618
Tasa de fecundidad en adolescentes (nacimientos por 1 000 mujeres de 15 a 19 años),COUNTRY,CUB,Cuba,2020,51.493
Tasa de fecundidad en adolescentes (nacimientos por 1 000 mujeres de 15 a 19 años),COUNTRY,CUB,Cuba,2021,48.82
Tasa de fecundidad en adolescentes (nacimientos por 1 000 mujeres de 15 a 19 años),COUNTRY,CUB,Cuba,2022,48.914
Tasa de fecundidad en adolescentes (nacimientos por 1 000 mujeres de 15 a 19 años),COUNTRY,CUB,Cuba,2023,48.116
Tasa de fecundidad en adolescentes (nacimientos por 1 000 mujeres de 15 a 19 años),COUNTRY,CUB,Cuba,2024,46.475
Tasa de fecundidad en adolescentes (nacimientos por 1 000 mujeres de 15 a 19 años),COUNTRY,DMA,Dominica,1995,62.072
Tasa de fecundidad en adolescentes (nacimientos por 1 000 mujeres de 15 a 19 años),COUNTRY,DMA,Dominica,1996,59.427
Tasa de fecundidad en adolescentes (nacimientos por 1 000 mujeres de 15 a 19 años),COUNTRY,DMA,Dominica,1997,61.651
Tasa de fecundidad en adolescentes (nacimientos por 1 000 mujeres de 15 a 19 años),COUNTRY,DMA,Dominica,1998,59.445
Tasa de fecundidad en adolescentes (nacimientos por 1 000 mujeres de 15 a 19 años),COUNTRY,DMA,Dominica,1999,64.542
Tasa de fecundidad en adolescentes (nacimientos por 1 000 mujeres de 15 a 19 años),COUNTRY,DMA,Dominica,2000,59.459
Tasa de fecundidad en adolescentes (nacimientos por 1 000 mujeres de 15 a 19 años),COUNTRY,DMA,Dominica,2001,62.726
Tasa de fecundidad en adolescentes (nacimientos por 1 000 mujeres de 15 a 19 años),COUNTRY,DMA,Dominica,2002,56.67
Tasa de fecundidad en adolescentes (nacimientos por 1 000 mujeres de 15 a 19 años),COUNTRY,DMA,Dominica,2003,54.04
Tasa de fecundidad en adolescentes (nacimientos por 1 000 mujeres de 15 a 19 años),COUNTRY,DMA,Dominica,2004,53.232
Tasa de fecundidad en adolescentes (nacimientos por 1 000 mujeres de 15 a 19 años),COUNTRY,DMA,Dominica,2005,51.08
Tasa de fecundidad en adolescentes (nacimientos por 1 000 mujeres de 15 a 19 años),COUNTRY,DMA,Dominica,2006,51.981
Tasa de fecundidad en adolescentes (nacimientos por 1 000 mujeres de 15 a 19 años),COUNTRY,DMA,Dominica,2007,50.561
Tasa de fecundidad en adolescentes (nacimientos por 1 000 mujeres de 15 a 19 años),COUNTRY,DMA,Dominica,2008,48.688
Tasa de fecundidad en adolescentes (nacimientos por 1 000 mujeres de 15 a 19 años),COUNTRY,DMA,Dominica,2009,46.926
Tasa de fecundidad en adolescentes (nacimientos por 1 000 mujeres de 15 a 19 años),COUNTRY,DMA,Dominica,2010,45.981
Tasa de fecundidad en adolescentes (nacimientos por 1 000 mujeres de 15 a 19 años),COUNTRY,DMA,Dominica,2011,45.573
Tasa de fecundidad en adolescentes (nacimientos por 1 000 mujeres de 15 a 19 años),COUNTRY,DMA,Dominica,2012,44.585
Tasa de fecundidad en adolescentes (nacimientos por 1 000 mujeres de 15 a 19 años),COUNTRY,DMA,Dominica,2013,43.492
Tasa de fecundidad en adolescentes (nacimientos por 1 000 mujeres de 15 a 19 años),COUNTRY,DMA,Dominica,2014,42.372
Tasa de fecundidad en adolescentes (nacimientos por 1 000 mujeres de 15 a 19 años),COUNTRY,DMA,Dominica,2015,41.114
Tasa de fecundidad en adolescentes (nacimientos por 1 000 mujeres de 15 a 19 años),COUNTRY,DMA,Dominica,2016,39.635
Tasa de fecundidad en adolescentes (nacimientos por 1 000 mujeres de 15 a 19 años),COUNTRY,DMA,Dominica,2017,39.105
Tasa de fecundidad en adolescentes (nacimientos por 1 000 mujeres de 15 a 19 años),COUNTRY,DMA,Dominica,2018,39.348
Tasa de fecundidad en adolescentes (nacimientos por 1 000 mujeres de 15 a 19 años),COUNTRY,DMA,Dominica,2019,39.325
Tasa de fecundidad en adolescentes (nacimientos por 1 000 mujeres de 15 a 19 años),COUNTRY,DMA,Dominica,2020,39.022
Tasa de fecundidad en adolescentes (nacimientos por 1 000 mujeres de 15 a 19 años),COUNTRY,DMA,Dominica,2021,38.49
Tasa de fecundidad en adolescentes (nacimientos por 1 000 mujeres de 15 a 19 años),COUNTRY,DMA,Dominica,2022,37.933
Tasa de fecundidad en adolescentes (nacimientos por 1 000 mujeres de 15 a 19 años),COUNTRY,DMA,Dominica,2023,37.554
Tasa de fecundidad en adolescentes (nacimientos por 1 000 mujeres de 15 a 19 años),COUNTRY,DMA,Dominica,2024,37.312
Tasa de fecundidad en adolescentes (nacimientos por 1 000 mujeres de 15 a 19 años),COUNTRY,DOM,República Dominicana,1995,113.864
Tasa de fecundidad en adolescentes (nacimientos por 1 000 mujeres de 15 a 19 años),COUNTRY,DOM,República Dominicana,1996,113.015
Tasa de fecundidad en adolescentes (nacimientos por 1 000 mujeres de 15 a 19 años),COUNTRY,DOM,República Dominicana,1997,111.364
Tasa de fecundidad en adolescentes (nacimientos por 1 000 mujeres de 15 a 19 años),COUNTRY,DOM,República Dominicana,1998,110.02
Tasa de fecundidad en adolescentes (nacimientos por 1 000 mujeres de 15 a 19 años),COUNTRY,DOM,República Dominicana,1999,111.036
Tasa de fecundidad en adolescentes (nacimientos por 1 000 mujeres de 15 a 19 años),COUNTRY,DOM,República Dominicana,2000,112.23
Tasa de fecundidad en adolescentes (nacimientos por 1 000 mujeres de 15 a 19 años),COUNTRY,DOM,República Dominicana,2001,112.017
Tasa de fecundidad en adolescentes (nacimientos por 1 000 mujeres de 15 a 19 años),COUNTRY,DOM,República Dominicana,2002,110.884
Tasa de fecundidad en adolescentes (nacimientos por 1 000 mujeres de 15 a 19 años),COUNTRY,DOM,República Dominicana,2003,109.873
Tasa de fecundidad en adolescentes (nacimientos por 1 000 mujeres de 15 a 19 años),COUNTRY,DOM,República Dominicana,2004,105.859
Tasa de fecundidad en adolescentes (nacimientos por 1 000 mujeres de 15 a 19 años),COUNTRY,DOM,República Dominicana,2005,103.28
Tasa de fecundidad en adolescentes (nacimientos por 1 000 mujeres de 15 a 19 años),COUNTRY,DOM,República Dominicana,2006,101.253
Tasa de fecundidad en adolescentes (nacimientos por 1 000 mujeres de 15 a 19 años),COUNTRY,DOM,República Dominicana,2007,102.863
Tasa de fecundidad en adolescentes (nacimientos por 1 000 mujeres de 15 a 19 años),COUNTRY,DOM,República Dominicana,2008,105.496
Tasa de fecundidad en adolescentes (nacimientos por 1 000 mujeres de 15 a 19 años),COUNTRY,DOM,República Dominicana,2009,104.701
Tasa de fecundidad en adolescentes (nacimientos por 1 000 mujeres de 15 a 19 años),COUNTRY,DOM,República Dominicana,2010,109.433
Tasa de fecundidad en adolescentes (nacimientos por 1 000 mujeres de 15 a 19 años),COUNTRY,DOM,República Dominicana,2011,109.026
Tasa de fecundidad en adolescentes (nacimientos por 1 000 mujeres de 15 a 19 años),COUNTRY,DOM,República Dominicana,2012,106.089
Tasa de fecundidad en adolescentes (nacimientos por 1 000 mujeres de 15 a 19 años),COUNTRY,DOM,República Dominicana,2013,100.151
Tasa de fecundidad en adolescentes (nacimientos por 1 000 mujeres de 15 a 19 años),COUNTRY,DOM,República Dominicana,2014,97.477
Tasa de fecundidad en adolescentes (nacimientos por 1 000 mujeres de 15 a 19 años),COUNTRY,DOM,República Dominicana,2015,95.116
Tasa de fecundidad en adolescentes (nacimientos por 1 000 mujeres de 15 a 19 años),COUNTRY,DOM,República Dominicana,2016,91.817
Tasa de fecundidad en adolescentes (nacimientos por 1 000 mujeres de 15 a 19 años),COUNTRY,DOM,República Dominicana,2017,87.909
Tasa de fecundidad en adolescentes (nacimientos por 1 000 mujeres de 15 a 19 años),COUNTRY,DOM,República Dominicana,2018,83.874
Tasa de fecundidad en adolescentes (nacimientos por 1 000 mujeres de 15 a 19 años),COUNTRY,DOM,República Dominicana,2019,78.455
Tasa de fecundidad en adolescentes (nacimientos por 1 000 mujeres de 15 a 19 años),COUNTRY,DOM,República Dominicana,2020,68.278
Tasa de fecundidad en adolescentes (nacimientos por 1 000 mujeres de 15 a 19 años),COUNTRY,DOM,República Dominicana,2021,65.629
Tasa de fecundidad en adolescentes (nacimientos por 1 000 mujeres de 15 a 19 años),COUNTRY,DOM,República Dominicana,2022,63.198
Tasa de fecundidad en adolescentes (nacimientos por 1 000 mujeres de 15 a 19 años),COUNTRY,DOM,República Dominicana,2023,60.359
Tasa de fecundidad en adolescentes (nacimientos por 1 000 mujeres de 15 a 19 años),COUNTRY,DOM,República Dominicana,2024,57.941
Tasa de fecundidad en adolescentes (nacimientos por 1 000 mujeres de 15 a 19 años),COUNTRY,ECU,Ecuador,1995,88.927
Tasa de fecundidad en adolescentes (nacimientos por 1 000 mujeres de 15 a 19 años),COUNTRY,ECU,Ecuador,1996,90.547
Tasa de fecundidad en adolescentes (nacimientos por 1 000 mujeres de 15 a 19 años),COUNTRY,ECU,Ecuador,1997,89.727
Tasa de fecundidad en adolescentes (nacimientos por 1 000 mujeres de 15 a 19 años),COUNTRY,ECU,Ecuador,1998,91.693
Tasa de fecundidad en adolescentes (nacimientos por 1 000 mujeres de 15 a 19 años),COUNTRY,ECU,Ecuador,1999,91.5
Tasa de fecundidad en adolescentes (nacimientos por 1 000 mujeres de 15 a 19 años),COUNTRY,ECU,Ecuador,2000,88.773
Tasa de fecundidad en adolescentes (nacimientos por 1 000 mujeres de 15 a 19 años),COUNTRY,ECU,Ecuador,2001,88.083
Tasa de fecundidad en adolescentes (nacimientos por 1 000 mujeres de 15 a 19 años),COUNTRY,ECU,Ecuador,2002,88.435
Tasa de fecundidad en adolescentes (nacimientos por 1 000 mujeres de 15 a 19 años),COUNTRY,ECU,Ecuador,2003,88.523
Tasa de fecundidad en adolescentes (nacimientos por 1 000 mujeres de 15 a 19 años),COUNTRY,ECU,Ecuador,2004,87.349
Tasa de fecundidad en adolescentes (nacimientos por 1 000 mujeres de 15 a 19 años),COUNTRY,ECU,Ecuador,2005,86.874
Tasa de fecundidad en adolescentes (nacimientos por 1 000 mujeres de 15 a 19 años),COUNTRY,ECU,Ecuador,2006,87.164
Tasa de fecundidad en adolescentes (nacimientos por 1 000 mujeres de 15 a 19 años),COUNTRY,ECU,Ecuador,2007,89.208
Tasa de fecundidad en adolescentes (nacimientos por 1 000 mujeres de 15 a 19 años),COUNTRY,ECU,Ecuador,2008,90.694
Tasa de fecundidad en adolescentes (nacimientos por 1 000 mujeres de 15 a 19 años),COUNTRY,ECU,Ecuador,2009,92.019
Tasa de fecundidad en adolescentes (nacimientos por 1 000 mujeres de 15 a 19 años),COUNTRY,ECU,Ecuador,2010,91.858
Tasa de fecundidad en adolescentes (nacimientos por 1 000 mujeres de 15 a 19 años),COUNTRY,ECU,Ecuador,2011,91.278
Tasa de fecundidad en adolescentes (nacimientos por 1 000 mujeres de 15 a 19 años),COUNTRY,ECU,Ecuador,2012,90.001
Tasa de fecundidad en adolescentes (nacimientos por 1 000 mujeres de 15 a 19 años),COUNTRY,ECU,Ecuador,2013,84.146
Tasa de fecundidad en adolescentes (nacimientos por 1 000 mujeres de 15 a 19 años),COUNTRY,ECU,Ecuador,2014,80.124
Tasa de fecundidad en adolescentes (nacimientos por 1 000 mujeres de 15 a 19 años),COUNTRY,ECU,Ecuador,2015,79.692
Tasa de fecundidad en adolescentes (nacimientos por 1 000 mujeres de 15 a 19 años),COUNTRY,ECU,Ecuador,2016,75.1
Tasa de fecundidad en adolescentes (nacimientos por 1 000 mujeres de 15 a 19 años),COUNTRY,ECU,Ecuador,2017,72.683
Tasa de fecundidad en adolescentes (nacimientos por 1 000 mujeres de 15 a 19 años),COUNTRY,ECU,Ecuador,2018,71.383
Tasa de fecundidad en adolescentes (nacimientos por 1 000 mujeres de 15 a 19 años),COUNTRY,ECU,Ecuador,2019,67.77
Tasa de fecundidad en adolescentes (nacimientos por 1 000 mujeres de 15 a 19 años),COUNTRY,ECU,Ecuador,2020,63.944
Tasa de fecundidad en adolescentes (nacimientos por 1 000 mujeres de 15 a 19 años),COUNTRY,ECU,Ecuador,2021,63.163
Tasa de fecundidad en adolescentes (nacimientos por 1 000 mujeres de 15 a 19 años),COUNTRY,ECU,Ecuador,2022,62.065
Tasa de fecundidad en adolescentes (nacimientos por 1 000 mujeres de 15 a 19 años),COUNTRY,ECU,Ecuador,2023,61.363
Tasa de fecundidad en adolescentes (nacimientos por 1 000 mujeres de 15 a 19 años),COUNTRY,ECU,Ecuador,2024,60.261
Tasa de fecundidad en adolescentes (nacimientos por 1 000 mujeres de 15 a 19 años),COUNTRY,GRD,Granada,1995,71.044
Tasa de fecundidad en adolescentes (nacimientos por 1 000 mujeres de 15 a 19 años),COUNTRY,GRD,Granada,1996,67.291
Tasa de fecundidad en adolescentes (nacimientos por 1 000 mujeres de 15 a 19 años),COUNTRY,GRD,Granada,1997,63.858
Tasa de fecundidad en adolescentes (nacimientos por 1 000 mujeres de 15 a 19 años),COUNTRY,GRD,Granada,1998,50.743
Tasa de fecundidad en adolescentes (nacimientos por 1 000 mujeres de 15 a 19 años),COUNTRY,GRD,Granada,1999,46.118
Tasa de fecundidad en adolescentes (nacimientos por 1 000 mujeres de 15 a 19 años),COUNTRY,GRD,Granada,2000,45.566
Tasa de fecundidad en adolescentes (nacimientos por 1 000 mujeres de 15 a 19 años),COUNTRY,GRD,Granada,2001,44.442
Tasa de fecundidad en adolescentes (nacimientos por 1 000 mujeres de 15 a 19 años),COUNTRY,GRD,Granada,2002,43.44
Tasa de fecundidad en adolescentes (nacimientos por 1 000 mujeres de 15 a 19 años),COUNTRY,GRD,Granada,2003,42.914
Tasa de fecundidad en adolescentes (nacimientos por 1 000 mujeres de 15 a 19 años),COUNTRY,GRD,Granada,2004,41.809
Tasa de fecundidad en adolescentes (nacimientos por 1 000 mujeres de 15 a 19 años),COUNTRY,GRD,Granada,2005,41.411
Tasa de fecundidad en adolescentes (nacimientos por 1 000 mujeres de 15 a 19 años),COUNTRY,GRD,Granada,2006,41.315
Tasa de fecundidad en adolescentes (nacimientos por 1 000 mujeres de 15 a 19 años),COUNTRY,GRD,Granada,2007,41.016
Tasa de fecundidad en adolescentes (nacimientos por 1 000 mujeres de 15 a 19 años),COUNTRY,GRD,Granada,2008,40.566
Tasa de fecundidad en adolescentes (nacimientos por 1 000 mujeres de 15 a 19 años),COUNTRY,GRD,Granada,2009,40.12
Tasa de fecundidad en adolescentes (nacimientos por 1 000 mujeres de 15 a 19 años),COUNTRY,GRD,Granada,2010,39.433
Tasa de fecundidad en adolescentes (nacimientos por 1 000 mujeres de 15 a 19 años),COUNTRY,GRD,Granada,2011,38.699
Tasa de fecundidad en adolescentes (nacimientos por 1 000 mujeres de 15 a 19 años),COUNTRY,GRD,Granada,2012,37.726
Tasa de fecundidad en adolescentes (nacimientos por 1 000 mujeres de 15 a 19 años),COUNTRY,GRD,Granada,2013,36.587
Tasa de fecundidad en adolescentes (nacimientos por 1 000 mujeres de 15 a 19 años),COUNTRY,GRD,Granada,2014,35.112
Tasa de fecundidad en adolescentes (nacimientos por 1 000 mujeres de 15 a 19 años),COUNTRY,GRD,Granada,2015,34.957
Tasa de fecundidad en adolescentes (nacimientos por 1 000 mujeres de 15 a 19 años),COUNTRY,GRD,Granada,2016,34.597
Tasa de fecundidad en adolescentes (nacimientos por 1 000 mujeres de 15 a 19 años),COUNTRY,GRD,Granada,2017,34.69
Tasa de fecundidad en adolescentes (nacimientos por 1 000 mujeres de 15 a 19 años),COUNTRY,GRD,Granada,2018,34.553
Tasa de fecundidad en adolescentes (nacimientos por 1 000 mujeres de 15 a 19 años),COUNTRY,GRD,Granada,2019,34.096
Tasa de fecundidad en adolescentes (nacimientos por 1 000 mujeres de 15 a 19 años),COUNTRY,GRD,Granada,2020,33.472
Tasa de fecundidad en adolescentes (nacimientos por 1 000 mujeres de 15 a 19 años),COUNTRY,GRD,Granada,2021,32.72
Tasa de fecundidad en adolescentes (nacimientos por 1 000 mujeres de 15 a 19 años),COUNTRY,GRD,Granada,2022,32.141
Tasa de fecundidad en adolescentes (nacimientos por 1 000 mujeres de 15 a 19 años),COUNTRY,GRD,Granada,2023,31.549
Tasa de fecundidad en adolescentes (nacimientos por 1 000 mujeres de 15 a 19 años),COUNTRY,GRD,Granada,2024,31.178
Tasa de fecundidad en adolescentes (nacimientos por 1 000 mujeres de 15 a 19 años),COUNTRY,GTM,Guatemala,1995,111.94
Tasa de fecundidad en adolescentes (nacimientos por 1 000 mujeres de 15 a 19 años),COUNTRY,GTM,Guatemala,1996,111.562
Tasa de fecundidad en adolescentes (nacimientos por 1 000 mujeres de 15 a 19 años),COUNTRY,GTM,Guatemala,1997,110.39
Tasa de fecundidad en adolescentes (nacimientos por 1 000 mujeres de 15 a 19 años),COUNTRY,GTM,Guatemala,1998,112.566
Tasa de fecundidad en adolescentes (nacimientos por 1 000 mujeres de 15 a 19 años),COUNTRY,GTM,Guatemala,1999,107.407
Tasa de fecundidad en adolescentes (nacimientos por 1 000 mujeres de 15 a 19 años),COUNTRY,GTM,Guatemala,2000,109.177
Tasa de fecundidad en adolescentes (nacimientos por 1 000 mujeres de 15 a 19 años),COUNTRY,GTM,Guatemala,2001,110.434
Tasa de fecundidad en adolescentes (nacimientos por 1 000 mujeres de 15 a 19 años),COUNTRY,GTM,Guatemala,2002,106.66
Tasa de fecundidad en adolescentes (nacimientos por 1 000 mujeres de 15 a 19 años),COUNTRY,GTM,Guatemala,2003,99.616
Tasa de fecundidad en adolescentes (nacimientos por 1 000 mujeres de 15 a 19 años),COUNTRY,GTM,Guatemala,2004,96.107
Tasa de fecundidad en adolescentes (nacimientos por 1 000 mujeres de 15 a 19 años),COUNTRY,GTM,Guatemala,2005,93.434
Tasa de fecundidad en adolescentes (nacimientos por 1 000 mujeres de 15 a 19 años),COUNTRY,GTM,Guatemala,2006,90.832
Tasa de fecundidad en adolescentes (nacimientos por 1 000 mujeres de 15 a 19 años),COUNTRY,GTM,Guatemala,2007,91.574
Tasa de fecundidad en adolescentes (nacimientos por 1 000 mujeres de 15 a 19 años),COUNTRY,GTM,Guatemala,2008,90.46
Tasa de fecundidad en adolescentes (nacimientos por 1 000 mujeres de 15 a 19 años),COUNTRY,GTM,Guatemala,2009,89.986
Tasa de fecundidad en adolescentes (nacimientos por 1 000 mujeres de 15 a 19 años),COUNTRY,GTM,Guatemala,2010,89.008
Tasa de fecundidad en adolescentes (nacimientos por 1 000 mujeres de 15 a 19 años),COUNTRY,GTM,Guatemala,2011,90.535
Tasa de fecundidad en adolescentes (nacimientos por 1 000 mujeres de 15 a 19 años),COUNTRY,GTM,Guatemala,2012,90.895
Tasa de fecundidad en adolescentes (nacimientos por 1 000 mujeres de 15 a 19 años),COUNTRY,GTM,Guatemala,2013,83.341
Tasa de fecundidad en adolescentes (nacimientos por 1 000 mujeres de 15 a 19 años),COUNTRY,GTM,Guatemala,2014,81.595
Tasa de fecundidad en adolescentes (nacimientos por 1 000 mujeres de 15 a 19 años),COUNTRY,GTM,Guatemala,2015,80.387
Tasa de fecundidad en adolescentes (nacimientos por 1 000 mujeres de 15 a 19 años),COUNTRY,GTM,Guatemala,2016,77.794
Tasa de fecundidad en adolescentes (nacimientos por 1 000 mujeres de 15 a 19 años),COUNTRY,GTM,Guatemala,2017,78.608
Tasa de fecundidad en adolescentes (nacimientos por 1 000 mujeres de 15 a 19 años),COUNTRY,GTM,Guatemala,2018,76.279
Tasa de fecundidad en adolescentes (nacimientos por 1 000 mujeres de 15 a 19 años),COUNTRY,GTM,Guatemala,2019,71.729
Tasa de fecundidad en adolescentes (nacimientos por 1 000 mujeres de 15 a 19 años),COUNTRY,GTM,Guatemala,2020,66.848
Tasa de fecundidad en adolescentes (nacimientos por 1 000 mujeres de 15 a 19 años),COUNTRY,GTM,Guatemala,2021,64.054
Tasa de fecundidad en adolescentes (nacimientos por 1 000 mujeres de 15 a 19 años),COUNTRY,GTM,Guatemala,2022,63.163
Tasa de fecundidad en adolescentes (nacimientos por 1 000 mujeres de 15 a 19 años),COUNTRY,GTM,Guatemala,2023,62.368
Tasa de fecundidad en adolescentes (nacimientos por 1 000 mujeres de 15 a 19 años),COUNTRY,GTM,Guatemala,2024,61.78
Tasa de fecundidad en adolescentes (nacimientos por 1 000 mujeres de 15 a 19 años),COUNTRY,GUY,Guyana,1995,109.662
Tasa de fecundidad en adolescentes (nacimientos por 1 000 mujeres de 15 a 19 años),COUNTRY,GUY,Guyana,1996,107.87
Tasa de fecundidad en adolescentes (nacimientos por 1 000 mujeres de 15 a 19 años),COUNTRY,GUY,Guyana,1997,106.798
Tasa de fecundidad en adolescentes (nacimientos por 1 000 mujeres de 15 a 19 años),COUNTRY,GUY,Guyana,1998,107.852
Tasa de fecundidad en adolescentes (nacimientos por 1 000 mujeres de 15 a 19 años),COUNTRY,GUY,Guyana,1999,105.22
Tasa de fecundidad en adolescentes (nacimientos por 1 000 mujeres de 15 a 19 años),COUNTRY,GUY,Guyana,2000,102.276
Tasa de fecundidad en adolescentes (nacimientos por 1 000 mujeres de 15 a 19 años),COUNTRY,GUY,Guyana,2001,98.17
Tasa de fecundidad en adolescentes (nacimientos por 1 000 mujeres de 15 a 19 años),COUNTRY,GUY,Guyana,2002,96.687
Tasa de fecundidad en adolescentes (nacimientos por 1 000 mujeres de 15 a 19 años),COUNTRY,GUY,Guyana,2003,95.236
Tasa de fecundidad en adolescentes (nacimientos por 1 000 mujeres de 15 a 19 años),COUNTRY,GUY,Guyana,2004,91.83
Tasa de fecundidad en adolescentes (nacimientos por 1 000 mujeres de 15 a 19 años),COUNTRY,GUY,Guyana,2005,91.116
Tasa de fecundidad en adolescentes (nacimientos por 1 000 mujeres de 15 a 19 años),COUNTRY,GUY,Guyana,2006,89.608
Tasa de fecundidad en adolescentes (nacimientos por 1 000 mujeres de 15 a 19 años),COUNTRY,GUY,Guyana,2007,87.54
Tasa de fecundidad en adolescentes (nacimientos por 1 000 mujeres de 15 a 19 años),COUNTRY,GUY,Guyana,2008,84.919
Tasa de fecundidad en adolescentes (nacimientos por 1 000 mujeres de 15 a 19 años),COUNTRY,GUY,Guyana,2009,82.172
Tasa de fecundidad en adolescentes (nacimientos por 1 000 mujeres de 15 a 19 años),COUNTRY,GUY,Guyana,2010,80.478
Tasa de fecundidad en adolescentes (nacimientos por 1 000 mujeres de 15 a 19 años),COUNTRY,GUY,Guyana,2011,78.026
Tasa de fecundidad en adolescentes (nacimientos por 1 000 mujeres de 15 a 19 años),COUNTRY,GUY,Guyana,2012,75.301
Tasa de fecundidad en adolescentes (nacimientos por 1 000 mujeres de 15 a 19 años),COUNTRY,GUY,Guyana,2013,74.269
Tasa de fecundidad en adolescentes (nacimientos por 1 000 mujeres de 15 a 19 años),COUNTRY,GUY,Guyana,2014,73.888
Tasa de fecundidad en adolescentes (nacimientos por 1 000 mujeres de 15 a 19 años),COUNTRY,GUY,Guyana,2015,73.404
Tasa de fecundidad en adolescentes (nacimientos por 1 000 mujeres de 15 a 19 años),COUNTRY,GUY,Guyana,2016,71.979
Tasa de fecundidad en adolescentes (nacimientos por 1 000 mujeres de 15 a 19 años),COUNTRY,GUY,Guyana,2017,70.484
Tasa de fecundidad en adolescentes (nacimientos por 1 000 mujeres de 15 a 19 años),COUNTRY,GUY,Guyana,2018,69.664
Tasa de fecundidad en adolescentes (nacimientos por 1 000 mujeres de 15 a 19 años),COUNTRY,GUY,Guyana,2019,68.995
Tasa de fecundidad en adolescentes (nacimientos por 1 000 mujeres de 15 a 19 años),COUNTRY,GUY,Guyana,2020,67.801
Tasa de fecundidad en adolescentes (nacimientos por 1 000 mujeres de 15 a 19 años),COUNTRY,GUY,Guyana,2021,66.556
Tasa de fecundidad en adolescentes (nacimientos por 1 000 mujeres de 15 a 19 años),COUNTRY,GUY,Guyana,2022,64.636
Tasa de fecundidad en adolescentes (nacimientos por 1 000 mujeres de 15 a 19 años),COUNTRY,GUY,Guyana,2023,63.071
Tasa de fecundidad en adolescentes (nacimientos por 1 000 mujeres de 15 a 19 años),COUNTRY,GUY,Guyana,2024,61.523
Tasa de fecundidad en adolescentes (nacimientos por 1 000 mujeres de 15 a 19 años),COUNTRY,HND,Honduras,1995,127.981
Tasa de fecundidad en adolescentes (nacimientos por 1 000 mujeres de 15 a 19 años),COUNTRY,HND,Honduras,1996,128.792
Tasa de fecundidad en adolescentes (nacimientos por 1 000 mujeres de 15 a 19 años),COUNTRY,HND,Honduras,1997,128.075
Tasa de fecundidad en adolescentes (nacimientos por 1 000 mujeres de 15 a 19 años),COUNTRY,HND,Honduras,1998,128.282
Tasa de fecundidad en adolescentes (nacimientos por 1 000 mujeres de 15 a 19 años),COUNTRY,HND,Honduras,1999,125.774
Tasa de fecundidad en adolescentes (nacimientos por 1 000 mujeres de 15 a 19 años),COUNTRY,HND,Honduras,2000,123.567
Tasa de fecundidad en adolescentes (nacimientos por 1 000 mujeres de 15 a 19 años),COUNTRY,HND,Honduras,2001,120.47
Tasa de fecundidad en adolescentes (nacimientos por 1 000 mujeres de 15 a 19 años),COUNTRY,HND,Honduras,2002,116.121
Tasa de fecundidad en adolescentes (nacimientos por 1 000 mujeres de 15 a 19 años),COUNTRY,HND,Honduras,2003,111.749
Tasa de fecundidad en adolescentes (nacimientos por 1 000 mujeres de 15 a 19 años),COUNTRY,HND,Honduras,2004,108.406
Tasa de fecundidad en adolescentes (nacimientos por 1 000 mujeres de 15 a 19 años),COUNTRY,HND,Honduras,2005,104.158
Tasa de fecundidad en adolescentes (nacimientos por 1 000 mujeres de 15 a 19 años),COUNTRY,HND,Honduras,2006,101.141
Tasa de fecundidad en adolescentes (nacimientos por 1 000 mujeres de 15 a 19 años),COUNTRY,HND,Honduras,2007,97.358
Tasa de fecundidad en adolescentes (nacimientos por 1 000 mujeres de 15 a 19 años),COUNTRY,HND,Honduras,2008,94.706
Tasa de fecundidad en adolescentes (nacimientos por 1 000 mujeres de 15 a 19 años),COUNTRY,HND,Honduras,2009,91.994
Tasa de fecundidad en adolescentes (nacimientos por 1 000 mujeres de 15 a 19 años),COUNTRY,HND,Honduras,2010,89.482
Tasa de fecundidad en adolescentes (nacimientos por 1 000 mujeres de 15 a 19 años),COUNTRY,HND,Honduras,2011,86.963
Tasa de fecundidad en adolescentes (nacimientos por 1 000 mujeres de 15 a 19 años),COUNTRY,HND,Honduras,2012,84.451
Tasa de fecundidad en adolescentes (nacimientos por 1 000 mujeres de 15 a 19 años),COUNTRY,HND,Honduras,2013,81.681
Tasa de fecundidad en adolescentes (nacimientos por 1 000 mujeres de 15 a 19 años),COUNTRY,HND,Honduras,2014,79.562
Tasa de fecundidad en adolescentes (nacimientos por 1 000 mujeres de 15 a 19 años),COUNTRY,HND,Honduras,2015,77.993
Tasa de fecundidad en adolescentes (nacimientos por 1 000 mujeres de 15 a 19 años),COUNTRY,HND,Honduras,2016,76.868
Tasa de fecundidad en adolescentes (nacimientos por 1 000 mujeres de 15 a 19 años),COUNTRY,HND,Honduras,2017,75.341
Tasa de fecundidad en adolescentes (nacimientos por 1 000 mujeres de 15 a 19 años),COUNTRY,HND,Honduras,2018,74.666
Tasa de fecundidad en adolescentes (nacimientos por 1 000 mujeres de 15 a 19 años),COUNTRY,HND,Honduras,2019,73.802
Tasa de fecundidad en adolescentes (nacimientos por 1 000 mujeres de 15 a 19 años),COUNTRY,HND,Honduras,2020,72.874
Tasa de fecundidad en adolescentes (nacimientos por 1 000 mujeres de 15 a 19 años),COUNTRY,HND,Honduras,2021,71.972
Tasa de fecundidad en adolescentes (nacimientos por 1 000 mujeres de 15 a 19 años),COUNTRY,HND,Honduras,2022,71.333
Tasa de fecundidad en adolescentes (nacimientos por 1 000 mujeres de 15 a 19 años),COUNTRY,HND,Honduras,2023,70.331
Tasa de fecundidad en adolescentes (nacimientos por 1 000 mujeres de 15 a 19 años),COUNTRY,HND,Honduras,2024,69.554
Tasa de fecundidad en adolescentes (nacimientos por 1 000 mujeres de 15 a 19 años),COUNTRY,HTI,Haití,1995,74.355
Tasa de fecundidad en adolescentes (nacimientos por 1 000 mujeres de 15 a 19 años),COUNTRY,HTI,Haití,1996,75.421
Tasa de fecundidad en adolescentes (nacimientos por 1 000 mujeres de 15 a 19 años),COUNTRY,HTI,Haití,1997,76.016
Tasa de fecundidad en adolescentes (nacimientos por 1 000 mujeres de 15 a 19 años),COUNTRY,HTI,Haití,1998,76.333
Tasa de fecundidad en adolescentes (nacimientos por 1 000 mujeres de 15 a 19 años),COUNTRY,HTI,Haití,1999,76.999
Tasa de fecundidad en adolescentes (nacimientos por 1 000 mujeres de 15 a 19 años),COUNTRY,HTI,Haití,2000,76.165
Tasa de fecundidad en adolescentes (nacimientos por 1 000 mujeres de 15 a 19 años),COUNTRY,HTI,Haití,2001,72.865
Tasa de fecundidad en adolescentes (nacimientos por 1 000 mujeres de 15 a 19 años),COUNTRY,HTI,Haití,2002,70.754
Tasa de fecundidad en adolescentes (nacimientos por 1 000 mujeres de 15 a 19 años),COUNTRY,HTI,Haití,2003,68.179
Tasa de fecundidad en adolescentes (nacimientos por 1 000 mujeres de 15 a 19 años),COUNTRY,HTI,Haití,2004,66.984
Tasa de fecundidad en adolescentes (nacimientos por 1 000 mujeres de 15 a 19 años),COUNTRY,HTI,Haití,2005,66.881
Tasa de fecundidad en adolescentes (nacimientos por 1 000 mujeres de 15 a 19 años),COUNTRY,HTI,Haití,2006,67.325
Tasa de fecundidad en adolescentes (nacimientos por 1 000 mujeres de 15 a 19 años),COUNTRY,HTI,Haití,2007,65.525
Tasa de fecundidad en adolescentes (nacimientos por 1 000 mujeres de 15 a 19 años),COUNTRY,HTI,Haití,2008,64.373
Tasa de fecundidad en adolescentes (nacimientos por 1 000 mujeres de 15 a 19 años),COUNTRY,HTI,Haití,2009,63.865
Tasa de fecundidad en adolescentes (nacimientos por 1 000 mujeres de 15 a 19 años),COUNTRY,HTI,Haití,2010,62.688
Tasa de fecundidad en adolescentes (nacimientos por 1 000 mujeres de 15 a 19 años),COUNTRY,HTI,Haití,2011,60.962
Tasa de fecundidad en adolescentes (nacimientos por 1 000 mujeres de 15 a 19 años),COUNTRY,HTI,Haití,2012,61.256
Tasa de fecundidad en adolescentes (nacimientos por 1 000 mujeres de 15 a 19 años),COUNTRY,HTI,Haití,2013,59.297
Tasa de fecundidad en adolescentes (nacimientos por 1 000 mujeres de 15 a 19 años),COUNTRY,HTI,Haití,2014,57.571
Tasa de fecundidad en adolescentes (nacimientos por 1 000 mujeres de 15 a 19 años),COUNTRY,HTI,Haití,2015,56.276
Tasa de fecundidad en adolescentes (nacimientos por 1 000 mujeres de 15 a 19 años),COUNTRY,HTI,Haití,2016,55.897
Tasa de fecundidad en adolescentes (nacimientos por 1 000 mujeres de 15 a 19 años),COUNTRY,HTI,Haití,2017,55.628
Tasa de fecundidad en adolescentes (nacimientos por 1 000 mujeres de 15 a 19 años),COUNTRY,HTI,Haití,2018,54.556
Tasa de fecundidad en adolescentes (nacimientos por 1 000 mujeres de 15 a 19 años),COUNTRY,HTI,Haití,2019,54.241
Tasa de fecundidad en adolescentes (nacimientos por 1 000 mujeres de 15 a 19 años),COUNTRY,HTI,Haití,2020,53.643
Tasa de fecundidad en adolescentes (nacimientos por 1 000 mujeres de 15 a 19 años),COUNTRY,HTI,Haití,2021,52.545
Tasa de fecundidad en adolescentes (nacimientos por 1 000 mujeres de 15 a 19 años),COUNTRY,HTI,Haití,2022,51.837
Tasa de fecundidad en adolescentes (nacimientos por 1 000 mujeres de 15 a 19 años),COUNTRY,HTI,Haití,2023,51.19
Tasa de fecundidad en adolescentes (nacimientos por 1 000 mujeres de 15 a 19 años),COUNTRY,HTI,Haití,2024,50.519
Tasa de fecundidad en adolescentes (nacimientos por 1 000 mujeres de 15 a 19 años),COUNTRY,JAM,Jamaica,1995,97.751
Tasa de fecundidad en adolescentes (nacimientos por 1 000 mujeres de 15 a 19 años),COUNTRY,JAM,Jamaica,1996,92.383
Tasa de fecundidad en adolescentes (nacimientos por 1 000 mujeres de 15 a 19 años),COUNTRY,JAM,Jamaica,1997,91.028
Tasa de fecundidad en adolescentes (nacimientos por 1 000 mujeres de 15 a 19 años),COUNTRY,JAM,Jamaica,1998,88.956
Tasa de fecundidad en adolescentes (nacimientos por 1 000 mujeres de 15 a 19 años),COUNTRY,JAM,Jamaica,1999,83.9
Tasa de fecundidad en adolescentes (nacimientos por 1 000 mujeres de 15 a 19 años),COUNTRY,JAM,Jamaica,2000,74.835
Tasa de fecundidad en adolescentes (nacimientos por 1 000 mujeres de 15 a 19 años),COUNTRY,JAM,Jamaica,2001,73.052
Tasa de fecundidad en adolescentes (nacimientos por 1 000 mujeres de 15 a 19 años),COUNTRY,JAM,Jamaica,2002,70.518
Tasa de fecundidad en adolescentes (nacimientos por 1 000 mujeres de 15 a 19 años),COUNTRY,JAM,Jamaica,2003,69.101
Tasa de fecundidad en adolescentes (nacimientos por 1 000 mujeres de 15 a 19 años),COUNTRY,JAM,Jamaica,2004,68.767
Tasa de fecundidad en adolescentes (nacimientos por 1 000 mujeres de 15 a 19 años),COUNTRY,JAM,Jamaica,2005,66.019
Tasa de fecundidad en adolescentes (nacimientos por 1 000 mujeres de 15 a 19 años),COUNTRY,JAM,Jamaica,2006,65.782
Tasa de fecundidad en adolescentes (nacimientos por 1 000 mujeres de 15 a 19 años),COUNTRY,JAM,Jamaica,2007,59.595
Tasa de fecundidad en adolescentes (nacimientos por 1 000 mujeres de 15 a 19 años),COUNTRY,JAM,Jamaica,2008,58.165
Tasa de fecundidad en adolescentes (nacimientos por 1 000 mujeres de 15 a 19 años),COUNTRY,JAM,Jamaica,2009,56.882
Tasa de fecundidad en adolescentes (nacimientos por 1 000 mujeres de 15 a 19 años),COUNTRY,JAM,Jamaica,2010,52.838
Tasa de fecundidad en adolescentes (nacimientos por 1 000 mujeres de 15 a 19 años),COUNTRY,JAM,Jamaica,2011,52.6
Tasa de fecundidad en adolescentes (nacimientos por 1 000 mujeres de 15 a 19 años),COUNTRY,JAM,Jamaica,2012,52.798
Tasa de fecundidad en adolescentes (nacimientos por 1 000 mujeres de 15 a 19 años),COUNTRY,JAM,Jamaica,2013,50.954
Tasa de fecundidad en adolescentes (nacimientos por 1 000 mujeres de 15 a 19 años),COUNTRY,JAM,Jamaica,2014,46.678
Tasa de fecundidad en adolescentes (nacimientos por 1 000 mujeres de 15 a 19 años),COUNTRY,JAM,Jamaica,2015,45.715
Tasa de fecundidad en adolescentes (nacimientos por 1 000 mujeres de 15 a 19 años),COUNTRY,JAM,Jamaica,2016,41.868
Tasa de fecundidad en adolescentes (nacimientos por 1 000 mujeres de 15 a 19 años),COUNTRY,JAM,Jamaica,2017,38.554
Tasa de fecundidad en adolescentes (nacimientos por 1 000 mujeres de 15 a 19 años),COUNTRY,JAM,Jamaica,2018,35.232
Tasa de fecundidad en adolescentes (nacimientos por 1 000 mujeres de 15 a 19 años),COUNTRY,JAM,Jamaica,2019,33.952
Tasa de fecundidad en adolescentes (nacimientos por 1 000 mujeres de 15 a 19 años),COUNTRY,JAM,Jamaica,2020,33.313
Tasa de fecundidad en adolescentes (nacimientos por 1 000 mujeres de 15 a 19 años),COUNTRY,JAM,Jamaica,2021,32.764
Tasa de fecundidad en adolescentes (nacimientos por 1 000 mujeres de 15 a 19 años),COUNTRY,JAM,Jamaica,2022,32.021
Tasa de fecundidad en adolescentes (nacimientos por 1 000 mujeres de 15 a 19 años),COUNTRY,JAM,Jamaica,2023,31.596
Tasa de fecundidad en adolescentes (nacimientos por 1 000 mujeres de 15 a 19 años),COUNTRY,JAM,Jamaica,2024,31.079
Tasa de fecundidad en adolescentes (nacimientos por 1 000 mujeres de 15 a 19 años),COUNTRY,LCA,Santa Lucía,1995,84.444
Tasa de fecundidad en adolescentes (nacimientos por 1 000 mujeres de 15 a 19 años),COUNTRY,LCA,Santa Lucía,1996,75.785
Tasa de fecundidad en adolescentes (nacimientos por 1 000 mujeres de 15 a 19 años),COUNTRY,LCA,Santa Lucía,1997,69.482
Tasa de fecundidad en adolescentes (nacimientos por 1 000 mujeres de 15 a 19 años),COUNTRY,LCA,Santa Lucía,1998,62.849
Tasa de fecundidad en adolescentes (nacimientos por 1 000 mujeres de 15 a 19 años),COUNTRY,LCA,Santa Lucía,1999,58.654
Tasa de fecundidad en adolescentes (nacimientos por 1 000 mujeres de 15 a 19 años),COUNTRY,LCA,Santa Lucía,2000,57.579
Tasa de fecundidad en adolescentes (nacimientos por 1 000 mujeres de 15 a 19 años),COUNTRY,LCA,Santa Lucía,2001,59.389
Tasa de fecundidad en adolescentes (nacimientos por 1 000 mujeres de 15 a 19 años),COUNTRY,LCA,Santa Lucía,2002,55.522
Tasa de fecundidad en adolescentes (nacimientos por 1 000 mujeres de 15 a 19 años),COUNTRY,LCA,Santa Lucía,2003,52.936
Tasa de fecundidad en adolescentes (nacimientos por 1 000 mujeres de 15 a 19 años),COUNTRY,LCA,Santa Lucía,2004,50.923
Tasa de fecundidad en adolescentes (nacimientos por 1 000 mujeres de 15 a 19 años),COUNTRY,LCA,Santa Lucía,2005,47.153
Tasa de fecundidad en adolescentes (nacimientos por 1 000 mujeres de 15 a 19 años),COUNTRY,LCA,Santa Lucía,2006,45.694
Tasa de fecundidad en adolescentes (nacimientos por 1 000 mujeres de 15 a 19 años),COUNTRY,LCA,Santa Lucía,2007,45.207
Tasa de fecundidad en adolescentes (nacimientos por 1 000 mujeres de 15 a 19 años),COUNTRY,LCA,Santa Lucía,2008,42.173
Tasa de fecundidad en adolescentes (nacimientos por 1 000 mujeres de 15 a 19 años),COUNTRY,LCA,Santa Lucía,2009,41.246
Tasa de fecundidad en adolescentes (nacimientos por 1 000 mujeres de 15 a 19 años),COUNTRY,LCA,Santa Lucía,2010,40.43
Tasa de fecundidad en adolescentes (nacimientos por 1 000 mujeres de 15 a 19 años),COUNTRY,LCA,Santa Lucía,2011,39.74
Tasa de fecundidad en adolescentes (nacimientos por 1 000 mujeres de 15 a 19 años),COUNTRY,LCA,Santa Lucía,2012,39.099
Tasa de fecundidad en adolescentes (nacimientos por 1 000 mujeres de 15 a 19 años),COUNTRY,LCA,Santa Lucía,2013,38.761
Tasa de fecundidad en adolescentes (nacimientos por 1 000 mujeres de 15 a 19 años),COUNTRY,LCA,Santa Lucía,2014,40.487
Tasa de fecundidad en adolescentes (nacimientos por 1 000 mujeres de 15 a 19 años),COUNTRY,LCA,Santa Lucía,2015,39.705
Tasa de fecundidad en adolescentes (nacimientos por 1 000 mujeres de 15 a 19 años),COUNTRY,LCA,Santa Lucía,2016,39.327
Tasa de fecundidad en adolescentes (nacimientos por 1 000 mujeres de 15 a 19 años),COUNTRY,LCA,Santa Lucía,2017,38.726
Tasa de fecundidad en adolescentes (nacimientos por 1 000 mujeres de 15 a 19 años),COUNTRY,LCA,Santa Lucía,2018,38.533
Tasa de fecundidad en adolescentes (nacimientos por 1 000 mujeres de 15 a 19 años),COUNTRY,LCA,Santa Lucía,2019,38.493
Tasa de fecundidad en adolescentes (nacimientos por 1 000 mujeres de 15 a 19 años),COUNTRY,LCA,Santa Lucía,2020,37.408
Tasa de fecundidad en adolescentes (nacimientos por 1 000 mujeres de 15 a 19 años),COUNTRY,LCA,Santa Lucía,2021,36.918
Tasa de fecundidad en adolescentes (nacimientos por 1 000 mujeres de 15 a 19 años),COUNTRY,LCA,Santa Lucía,2022,36.264
Tasa de fecundidad en adolescentes (nacimientos por 1 000 mujeres de 15 a 19 años),COUNTRY,LCA,Santa Lucía,2023,35.764
Tasa de fecundidad en adolescentes (nacimientos por 1 000 mujeres de 15 a 19 años),COUNTRY,LCA,Santa Lucía,2024,35.286
Tasa de fecundidad en adolescentes (nacimientos por 1 000 mujeres de 15 a 19 años),COUNTRY,NIC,Nicaragua,1995,127.574
Tasa de fecundidad en adolescentes (nacimientos por 1 000 mujeres de 15 a 19 años),COUNTRY,NIC,Nicaragua,1996,124.062
Tasa de fecundidad en adolescentes (nacimientos por 1 000 mujeres de 15 a 19 años),COUNTRY,NIC,Nicaragua,1997,118.874
Tasa de fecundidad en adolescentes (nacimientos por 1 000 mujeres de 15 a 19 años),COUNTRY,NIC,Nicaragua,1998,117.641
Tasa de fecundidad en adolescentes (nacimientos por 1 000 mujeres de 15 a 19 años),COUNTRY,NIC,Nicaragua,1999,116.289
Tasa de fecundidad en adolescentes (nacimientos por 1 000 mujeres de 15 a 19 años),COUNTRY,NIC,Nicaragua,2000,113.855
Tasa de fecundidad en adolescentes (nacimientos por 1 000 mujeres de 15 a 19 años),COUNTRY,NIC,Nicaragua,2001,112.328
Tasa de fecundidad en adolescentes (nacimientos por 1 000 mujeres de 15 a 19 años),COUNTRY,NIC,Nicaragua,2002,110.433
Tasa de fecundidad en adolescentes (nacimientos por 1 000 mujeres de 15 a 19 años),COUNTRY,NIC,Nicaragua,2003,108.971
Tasa de fecundidad en adolescentes (nacimientos por 1 000 mujeres de 15 a 19 años),COUNTRY,NIC,Nicaragua,2004,106.659
Tasa de fecundidad en adolescentes (nacimientos por 1 000 mujeres de 15 a 19 años),COUNTRY,NIC,Nicaragua,2005,104.654
Tasa de fecundidad en adolescentes (nacimientos por 1 000 mujeres de 15 a 19 años),COUNTRY,NIC,Nicaragua,2006,102.927
Tasa de fecundidad en adolescentes (nacimientos por 1 000 mujeres de 15 a 19 años),COUNTRY,NIC,Nicaragua,2007,101.112
Tasa de fecundidad en adolescentes (nacimientos por 1 000 mujeres de 15 a 19 años),COUNTRY,NIC,Nicaragua,2008,99.373
Tasa de fecundidad en adolescentes (nacimientos por 1 000 mujeres de 15 a 19 años),COUNTRY,NIC,Nicaragua,2009,98.368
Tasa de fecundidad en adolescentes (nacimientos por 1 000 mujeres de 15 a 19 años),COUNTRY,NIC,Nicaragua,2010,97.947
Tasa de fecundidad en adolescentes (nacimientos por 1 000 mujeres de 15 a 19 años),COUNTRY,NIC,Nicaragua,2011,96.792
Tasa de fecundidad en adolescentes (nacimientos por 1 000 mujeres de 15 a 19 años),COUNTRY,NIC,Nicaragua,2012,96.372
Tasa de fecundidad en adolescentes (nacimientos por 1 000 mujeres de 15 a 19 años),COUNTRY,NIC,Nicaragua,2013,95.083
Tasa de fecundidad en adolescentes (nacimientos por 1 000 mujeres de 15 a 19 años),COUNTRY,NIC,Nicaragua,2014,94.226
Tasa de fecundidad en adolescentes (nacimientos por 1 000 mujeres de 15 a 19 años),COUNTRY,NIC,Nicaragua,2015,93.552
Tasa de fecundidad en adolescentes (nacimientos por 1 000 mujeres de 15 a 19 años),COUNTRY,NIC,Nicaragua,2016,91.879
Tasa de fecundidad en adolescentes (nacimientos por 1 000 mujeres de 15 a 19 años),COUNTRY,NIC,Nicaragua,2017,90.951
Tasa de fecundidad en adolescentes (nacimientos por 1 000 mujeres de 15 a 19 años),COUNTRY,NIC,Nicaragua,2018,89.65
Tasa de fecundidad en adolescentes (nacimientos por 1 000 mujeres de 15 a 19 años),COUNTRY,NIC,Nicaragua,2019,88.623
Tasa de fecundidad en adolescentes (nacimientos por 1 000 mujeres de 15 a 19 años),COUNTRY,NIC,Nicaragua,2020,87.361
Tasa de fecundidad en adolescentes (nacimientos por 1 000 mujeres de 15 a 19 años),COUNTRY,NIC,Nicaragua,2021,85.648
Tasa de fecundidad en adolescentes (nacimientos por 1 000 mujeres de 15 a 19 años),COUNTRY,NIC,Nicaragua,2022,83.964
Tasa de fecundidad en adolescentes (nacimientos por 1 000 mujeres de 15 a 19 años),COUNTRY,NIC,Nicaragua,2023,82.473
Tasa de fecundidad en adolescentes (nacimientos por 1 000 mujeres de 15 a 19 años),COUNTRY,NIC,Nicaragua,2024,81.115
Tasa de fecundidad en adolescentes (nacimientos por 1 000 mujeres de 15 a 19 años),COUNTRY,PAN,Panamá,1995,90.382
Tasa de fecundidad en adolescentes (nacimientos por 1 000 mujeres de 15 a 19 años),COUNTRY,PAN,Panamá,1996,89.746
Tasa de fecundidad en adolescentes (nacimientos por 1 000 mujeres de 15 a 19 años),COUNTRY,PAN,Panamá,1997,92.253
Tasa de fecundidad en adolescentes (nacimientos por 1 000 mujeres de 15 a 19 años),COUNTRY,PAN,Panamá,1998,93.834
Tasa de fecundidad en adolescentes (nacimientos por 1 000 mujeres de 15 a 19 años),COUNTRY,PAN,Panamá,1999,94.529
Tasa de fecundidad en adolescentes (nacimientos por 1 000 mujeres de 15 a 19 años),COUNTRY,PAN,Panamá,2000,93.293
Tasa de fecundidad en adolescentes (nacimientos por 1 000 mujeres de 15 a 19 años),COUNTRY,PAN,Panamá,2001,93.653
Tasa de fecundidad en adolescentes (nacimientos por 1 000 mujeres de 15 a 19 años),COUNTRY,PAN,Panamá,2002,90.625
Tasa de fecundidad en adolescentes (nacimientos por 1 000 mujeres de 15 a 19 años),COUNTRY,PAN,Panamá,2003,90.533
Tasa de fecundidad en adolescentes (nacimientos por 1 000 mujeres de 15 a 19 años),COUNTRY,PAN,Panamá,2004,92.801
Tasa de fecundidad en adolescentes (nacimientos por 1 000 mujeres de 15 a 19 años),COUNTRY,PAN,Panamá,2005,90.582
Tasa de fecundidad en adolescentes (nacimientos por 1 000 mujeres de 15 a 19 años),COUNTRY,PAN,Panamá,2006,88.585
Tasa de fecundidad en adolescentes (nacimientos por 1 000 mujeres de 15 a 19 años),COUNTRY,PAN,Panamá,2007,89.135
Tasa de fecundidad en adolescentes (nacimientos por 1 000 mujeres de 15 a 19 años),COUNTRY,PAN,Panamá,2008,91.341
Tasa de fecundidad en adolescentes (nacimientos por 1 000 mujeres de 15 a 19 años),COUNTRY,PAN,Panamá,2009,92.85
Tasa de fecundidad en adolescentes (nacimientos por 1 000 mujeres de 15 a 19 años),COUNTRY,PAN,Panamá,2010,91.622
Tasa de fecundidad en adolescentes (nacimientos por 1 000 mujeres de 15 a 19 años),COUNTRY,PAN,Panamá,2011,93.352
Tasa de fecundidad en adolescentes (nacimientos por 1 000 mujeres de 15 a 19 años),COUNTRY,PAN,Panamá,2012,93.25
Tasa de fecundidad en adolescentes (nacimientos por 1 000 mujeres de 15 a 19 años),COUNTRY,PAN,Panamá,2013,92.149
Tasa de fecundidad en adolescentes (nacimientos por 1 000 mujeres de 15 a 19 años),COUNTRY,PAN,Panamá,2014,90.182
Tasa de fecundidad en adolescentes (nacimientos por 1 000 mujeres de 15 a 19 años),COUNTRY,PAN,Panamá,2015,86.428
Tasa de fecundidad en adolescentes (nacimientos por 1 000 mujeres de 15 a 19 años),COUNTRY,PAN,Panamá,2016,81.589
Tasa de fecundidad en adolescentes (nacimientos por 1 000 mujeres de 15 a 19 años),COUNTRY,PAN,Panamá,2017,78.616
Tasa de fecundidad en adolescentes (nacimientos por 1 000 mujeres de 15 a 19 años),COUNTRY,PAN,Panamá,2018,74.96
Tasa de fecundidad en adolescentes (nacimientos por 1 000 mujeres de 15 a 19 años),COUNTRY,PAN,Panamá,2019,71.789
Tasa de fecundidad en adolescentes (nacimientos por 1 000 mujeres de 15 a 19 años),COUNTRY,PAN,Panamá,2020,70.838
Tasa de fecundidad en adolescentes (nacimientos por 1 000 mujeres de 15 a 19 años),COUNTRY,PAN,Panamá,2021,69.912
Tasa de fecundidad en adolescentes (nacimientos por 1 000 mujeres de 15 a 19 años),COUNTRY,PAN,Panamá,2022,68.49
Tasa de fecundidad en adolescentes (nacimientos por 1 000 mujeres de 15 a 19 años),COUNTRY,PAN,Panamá,2023,67.286
Tasa de fecundidad en adolescentes (nacimientos por 1 000 mujeres de 15 a 19 años),COUNTRY,PAN,Panamá,2024,66.2
Tasa de fecundidad en adolescentes (nacimientos por 1 000 mujeres de 15 a 19 años),COUNTRY,PER,Perú,1995,75.353
Tasa de fecundidad en adolescentes (nacimientos por 1 000 mujeres de 15 a 19 años),COUNTRY,PER,Perú,1996,77.412
Tasa de fecundidad en adolescentes (nacimientos por 1 000 mujeres de 15 a 19 años),COUNTRY,PER,Perú,1997,77.343
Tasa de fecundidad en adolescentes (nacimientos por 1 000 mujeres de 15 a 19 años),COUNTRY,PER,Perú,1998,75.684
Tasa de fecundidad en adolescentes (nacimientos por 1 000 mujeres de 15 a 19 años),COUNTRY,PER,Perú,1999,74.175
Tasa de fecundidad en adolescentes (nacimientos por 1 000 mujeres de 15 a 19 años),COUNTRY,PER,Perú,2000,74.182
Tasa de fecundidad en adolescentes (nacimientos por 1 000 mujeres de 15 a 19 años),COUNTRY,PER,Perú,2001,70.947
Tasa de fecundidad en adolescentes (nacimientos por 1 000 mujeres de 15 a 19 años),COUNTRY,PER,Perú,2002,68.76
Tasa de fecundidad en adolescentes (nacimientos por 1 000 mujeres de 15 a 19 años),COUNTRY,PER,Perú,2003,66.719
Tasa de fecundidad en adolescentes (nacimientos por 1 000 mujeres de 15 a 19 años),COUNTRY,PER,Perú,2004,68.165
Tasa de fecundidad en adolescentes (nacimientos por 1 000 mujeres de 15 a 19 años),COUNTRY,PER,Perú,2005,68.491
Tasa de fecundidad en adolescentes (nacimientos por 1 000 mujeres de 15 a 19 años),COUNTRY,PER,Perú,2006,68.787
Tasa de fecundidad en adolescentes (nacimientos por 1 000 mujeres de 15 a 19 años),COUNTRY,PER,Perú,2007,67.859
Tasa de fecundidad en adolescentes (nacimientos por 1 000 mujeres de 15 a 19 años),COUNTRY,PER,Perú,2008,68.086
Tasa de fecundidad en adolescentes (nacimientos por 1 000 mujeres de 15 a 19 años),COUNTRY,PER,Perú,2009,66.018
Tasa de fecundidad en adolescentes (nacimientos por 1 000 mujeres de 15 a 19 años),COUNTRY,PER,Perú,2010,64.919
Tasa de fecundidad en adolescentes (nacimientos por 1 000 mujeres de 15 a 19 años),COUNTRY,PER,Perú,2011,65.287
Tasa de fecundidad en adolescentes (nacimientos por 1 000 mujeres de 15 a 19 años),COUNTRY,PER,Perú,2012,64.994
Tasa de fecundidad en adolescentes (nacimientos por 1 000 mujeres de 15 a 19 años),COUNTRY,PER,Perú,2013,63.876
Tasa de fecundidad en adolescentes (nacimientos por 1 000 mujeres de 15 a 19 años),COUNTRY,PER,Perú,2014,62.668
Tasa de fecundidad en adolescentes (nacimientos por 1 000 mujeres de 15 a 19 años),COUNTRY,PER,Perú,2015,61.571
Tasa de fecundidad en adolescentes (nacimientos por 1 000 mujeres de 15 a 19 años),COUNTRY,PER,Perú,2016,60.973
Tasa de fecundidad en adolescentes (nacimientos por 1 000 mujeres de 15 a 19 años),COUNTRY,PER,Perú,2017,60.209
Tasa de fecundidad en adolescentes (nacimientos por 1 000 mujeres de 15 a 19 años),COUNTRY,PER,Perú,2018,59.457
Tasa de fecundidad en adolescentes (nacimientos por 1 000 mujeres de 15 a 19 años),COUNTRY,PER,Perú,2019,58.808
Tasa de fecundidad en adolescentes (nacimientos por 1 000 mujeres de 15 a 19 años),COUNTRY,PER,Perú,2020,58.053
Tasa de fecundidad en adolescentes (nacimientos por 1 000 mujeres de 15 a 19 años),COUNTRY,PER,Perú,2021,56.756
Tasa de fecundidad en adolescentes (nacimientos por 1 000 mujeres de 15 a 19 años),COUNTRY,PER,Perú,2022,56.091
Tasa de fecundidad en adolescentes (nacimientos por 1 000 mujeres de 15 a 19 años),COUNTRY,PER,Perú,2023,55.775
Tasa de fecundidad en adolescentes (nacimientos por 1 000 mujeres de 15 a 19 años),COUNTRY,PER,Perú,2024,55.343
Tasa de fecundidad en adolescentes (nacimientos por 1 000 mujeres de 15 a 19 años),COUNTRY,PRY,Paraguay,1995,90.615
Tasa de fecundidad en adolescentes (nacimientos por 1 000 mujeres de 15 a 19 años),COUNTRY,PRY,Paraguay,1996,85.542
Tasa de fecundidad en adolescentes (nacimientos por 1 000 mujeres de 15 a 19 años),COUNTRY,PRY,Paraguay,1997,83.468
Tasa de fecundidad en adolescentes (nacimientos por 1 000 mujeres de 15 a 19 años),COUNTRY,PRY,Paraguay,1998,81.583
Tasa de fecundidad en adolescentes (nacimientos por 1 000 mujeres de 15 a 19 años),COUNTRY,PRY,Paraguay,1999,81.046
Tasa de fecundidad en adolescentes (nacimientos por 1 000 mujeres de 15 a 19 años),COUNTRY,PRY,Paraguay,2000,80.563
Tasa de fecundidad en adolescentes (nacimientos por 1 000 mujeres de 15 a 19 años),COUNTRY,PRY,Paraguay,2001,77.586
Tasa de fecundidad en adolescentes (nacimientos por 1 000 mujeres de 15 a 19 años),COUNTRY,PRY,Paraguay,2002,76.158
Tasa de fecundidad en adolescentes (nacimientos por 1 000 mujeres de 15 a 19 años),COUNTRY,PRY,Paraguay,2003,77.101
Tasa de fecundidad en adolescentes (nacimientos por 1 000 mujeres de 15 a 19 años),COUNTRY,PRY,Paraguay,2004,76.36
Tasa de fecundidad en adolescentes (nacimientos por 1 000 mujeres de 15 a 19 años),COUNTRY,PRY,Paraguay,2005,75.106
Tasa de fecundidad en adolescentes (nacimientos por 1 000 mujeres de 15 a 19 años),COUNTRY,PRY,Paraguay,2006,75.196
Tasa de fecundidad en adolescentes (nacimientos por 1 000 mujeres de 15 a 19 años),COUNTRY,PRY,Paraguay,2007,74.661
Tasa de fecundidad en adolescentes (nacimientos por 1 000 mujeres de 15 a 19 años),COUNTRY,PRY,Paraguay,2008,75.844
Tasa de fecundidad en adolescentes (nacimientos por 1 000 mujeres de 15 a 19 años),COUNTRY,PRY,Paraguay,2009,76.455
Tasa de fecundidad en adolescentes (nacimientos por 1 000 mujeres de 15 a 19 años),COUNTRY,PRY,Paraguay,2010,76.263
Tasa de fecundidad en adolescentes (nacimientos por 1 000 mujeres de 15 a 19 años),COUNTRY,PRY,Paraguay,2011,76.45
Tasa de fecundidad en adolescentes (nacimientos por 1 000 mujeres de 15 a 19 años),COUNTRY,PRY,Paraguay,2012,76.649
Tasa de fecundidad en adolescentes (nacimientos por 1 000 mujeres de 15 a 19 años),COUNTRY,PRY,Paraguay,2013,76.883
Tasa de fecundidad en adolescentes (nacimientos por 1 000 mujeres de 15 a 19 años),COUNTRY,PRY,Paraguay,2014,76.878
Tasa de fecundidad en adolescentes (nacimientos por 1 000 mujeres de 15 a 19 años),COUNTRY,PRY,Paraguay,2015,76.163
Tasa de fecundidad en adolescentes (nacimientos por 1 000 mujeres de 15 a 19 años),COUNTRY,PRY,Paraguay,2016,75.452
Tasa de fecundidad en adolescentes (nacimientos por 1 000 mujeres de 15 a 19 años),COUNTRY,PRY,Paraguay,2017,73.784
Tasa de fecundidad en adolescentes (nacimientos por 1 000 mujeres de 15 a 19 años),COUNTRY,PRY,Paraguay,2018,73.67
Tasa de fecundidad en adolescentes (nacimientos por 1 000 mujeres de 15 a 19 años),COUNTRY,PRY,Paraguay,2019,72.448
Tasa de fecundidad en adolescentes (nacimientos por 1 000 mujeres de 15 a 19 años),COUNTRY,PRY,Paraguay,2020,71.302
Tasa de fecundidad en adolescentes (nacimientos por 1 000 mujeres de 15 a 19 años),COUNTRY,PRY,Paraguay,2021,70.347
Tasa de fecundidad en adolescentes (nacimientos por 1 000 mujeres de 15 a 19 años),COUNTRY,PRY,Paraguay,2022,69.916
Tasa de fecundidad en adolescentes (nacimientos por 1 000 mujeres de 15 a 19 años),COUNTRY,PRY,Paraguay,2023,69.598
Tasa de fecundidad en adolescentes (nacimientos por 1 000 mujeres de 15 a 19 años),COUNTRY,PRY,Paraguay,2024,69.251
Tasa de fecundidad en adolescentes (nacimientos por 1 000 mujeres de 15 a 19 años),COUNTRY,SLV,El Salvador,1995,124.243
Tasa de fecundidad en adolescentes (nacimientos por 1 000 mujeres de 15 a 19 años),COUNTRY,SLV,El Salvador,1996,123.415
Tasa de fecundidad en adolescentes (nacimientos por 1 000 mujeres de 15 a 19 años),COUNTRY,SLV,El Salvador,1997,119.688
Tasa de fecundidad en adolescentes (nacimientos por 1 000 mujeres de 15 a 19 años),COUNTRY,SLV,El Salvador,1998,118.018
Tasa de fecundidad en adolescentes (nacimientos por 1 000 mujeres de 15 a 19 años),COUNTRY,SLV,El Salvador,1999,113.604
Tasa de fecundidad en adolescentes (nacimientos por 1 000 mujeres de 15 a 19 años),COUNTRY,SLV,El Salvador,2000,107.896
Tasa de fecundidad en adolescentes (nacimientos por 1 000 mujeres de 15 a 19 años),COUNTRY,SLV,El Salvador,2001,100.786
Tasa de fecundidad en adolescentes (nacimientos por 1 000 mujeres de 15 a 19 años),COUNTRY,SLV,El Salvador,2002,92.917
Tasa de fecundidad en adolescentes (nacimientos por 1 000 mujeres de 15 a 19 años),COUNTRY,SLV,El Salvador,2003,86.67
Tasa de fecundidad en adolescentes (nacimientos por 1 000 mujeres de 15 a 19 años),COUNTRY,SLV,El Salvador,2004,82.695
Tasa de fecundidad en adolescentes (nacimientos por 1 000 mujeres de 15 a 19 años),COUNTRY,SLV,El Salvador,2005,80.265
Tasa de fecundidad en adolescentes (nacimientos por 1 000 mujeres de 15 a 19 años),COUNTRY,SLV,El Salvador,2006,77.46
Tasa de fecundidad en adolescentes (nacimientos por 1 000 mujeres de 15 a 19 años),COUNTRY,SLV,El Salvador,2007,76.217
Tasa de fecundidad en adolescentes (nacimientos por 1 000 mujeres de 15 a 19 años),COUNTRY,SLV,El Salvador,2008,73.788
Tasa de fecundidad en adolescentes (nacimientos por 1 000 mujeres de 15 a 19 años),COUNTRY,SLV,El Salvador,2009,72.071
Tasa de fecundidad en adolescentes (nacimientos por 1 000 mujeres de 15 a 19 años),COUNTRY,SLV,El Salvador,2010,70.912
Tasa de fecundidad en adolescentes (nacimientos por 1 000 mujeres de 15 a 19 años),COUNTRY,SLV,El Salvador,2011,70.951
Tasa de fecundidad en adolescentes (nacimientos por 1 000 mujeres de 15 a 19 años),COUNTRY,SLV,El Salvador,2012,70.643
Tasa de fecundidad en adolescentes (nacimientos por 1 000 mujeres de 15 a 19 años),COUNTRY,SLV,El Salvador,2013,70.62
Tasa de fecundidad en adolescentes (nacimientos por 1 000 mujeres de 15 a 19 años),COUNTRY,SLV,El Salvador,2014,70.115
Tasa de fecundidad en adolescentes (nacimientos por 1 000 mujeres de 15 a 19 años),COUNTRY,SLV,El Salvador,2015,70.359
Tasa de fecundidad en adolescentes (nacimientos por 1 000 mujeres de 15 a 19 años),COUNTRY,SLV,El Salvador,2016,65.213
Tasa de fecundidad en adolescentes (nacimientos por 1 000 mujeres de 15 a 19 años),COUNTRY,SLV,El Salvador,2017,61.531
Tasa de fecundidad en adolescentes (nacimientos por 1 000 mujeres de 15 a 19 años),COUNTRY,SLV,El Salvador,2018,58.197
Tasa de fecundidad en adolescentes (nacimientos por 1 000 mujeres de 15 a 19 años),COUNTRY,SLV,El Salvador,2019,57.808
Tasa de fecundidad en adolescentes (nacimientos por 1 000 mujeres de 15 a 19 años),COUNTRY,SLV,El Salvador,2020,56.83
Tasa de fecundidad en adolescentes (nacimientos por 1 000 mujeres de 15 a 19 años),COUNTRY,SLV,El Salvador,2021,55.89
Tasa de fecundidad en adolescentes (nacimientos por 1 000 mujeres de 15 a 19 años),COUNTRY,SLV,El Salvador,2022,54.546
Tasa de fecundidad en adolescentes (nacimientos por 1 000 mujeres de 15 a 19 años),COUNTRY,SLV,El Salvador,2023,53.511
Tasa de fecundidad en adolescentes (nacimientos por 1 000 mujeres de 15 a 19 años),COUNTRY,SLV,El Salvador,2024,52.779
Tasa de fecundidad en adolescentes (nacimientos por 1 000 mujeres de 15 a 19 años),COUNTRY,URY,Uruguay,1995,68.548
Tasa de fecundidad en adolescentes (nacimientos por 1 000 mujeres de 15 a 19 años),COUNTRY,URY,Uruguay,1996,68.845
Tasa de fecundidad en adolescentes (nacimientos por 1 000 mujeres de 15 a 19 años),COUNTRY,URY,Uruguay,1997,68.215
Tasa de fecundidad en adolescentes (nacimientos por 1 000 mujeres de 15 a 19 años),COUNTRY,URY,Uruguay,1998,66.88
Tasa de fecundidad en adolescentes (nacimientos por 1 000 mujeres de 15 a 19 años),COUNTRY,URY,Uruguay,1999,71.003
Tasa de fecundidad en adolescentes (nacimientos por 1 000 mujeres de 15 a 19 años),COUNTRY,URY,Uruguay,2000,70.557
Tasa de fecundidad en adolescentes (nacimientos por 1 000 mujeres de 15 a 19 años),COUNTRY,URY,Uruguay,2001,70.794
Tasa de fecundidad en adolescentes (nacimientos por 1 000 mujeres de 15 a 19 años),COUNTRY,URY,Uruguay,2002,70.262
Tasa de fecundidad en adolescentes (nacimientos por 1 000 mujeres de 15 a 19 años),COUNTRY,URY,Uruguay,2003,66.635
Tasa de fecundidad en adolescentes (nacimientos por 1 000 mujeres de 15 a 19 años),COUNTRY,URY,Uruguay,2004,64.987
Tasa de fecundidad en adolescentes (nacimientos por 1 000 mujeres de 15 a 19 años),COUNTRY,URY,Uruguay,2005,68.171
Tasa de fecundidad en adolescentes (nacimientos por 1 000 mujeres de 15 a 19 años),COUNTRY,URY,Uruguay,2006,67.703
Tasa de fecundidad en adolescentes (nacimientos por 1 000 mujeres de 15 a 19 años),COUNTRY,URY,Uruguay,2007,65.74
Tasa de fecundidad en adolescentes (nacimientos por 1 000 mujeres de 15 a 19 años),COUNTRY,URY,Uruguay,2008,65.588
Tasa de fecundidad en adolescentes (nacimientos por 1 000 mujeres de 15 a 19 años),COUNTRY,URY,Uruguay,2009,65.45
Tasa de fecundidad en adolescentes (nacimientos por 1 000 mujeres de 15 a 19 años),COUNTRY,URY,Uruguay,2010,64.922
Tasa de fecundidad en adolescentes (nacimientos por 1 000 mujeres de 15 a 19 años),COUNTRY,URY,Uruguay,2011,65.402
Tasa de fecundidad en adolescentes (nacimientos por 1 000 mujeres de 15 a 19 años),COUNTRY,URY,Uruguay,2012,65.42
Tasa de fecundidad en adolescentes (nacimientos por 1 000 mujeres de 15 a 19 años),COUNTRY,URY,Uruguay,2013,62.924
Tasa de fecundidad en adolescentes (nacimientos por 1 000 mujeres de 15 a 19 años),COUNTRY,URY,Uruguay,2014,59.981
Tasa de fecundidad en adolescentes (nacimientos por 1 000 mujeres de 15 a 19 años),COUNTRY,URY,Uruguay,2015,57.871
Tasa de fecundidad en adolescentes (nacimientos por 1 000 mujeres de 15 a 19 años),COUNTRY,URY,Uruguay,2016,53.316
Tasa de fecundidad en adolescentes (nacimientos por 1 000 mujeres de 15 a 19 años),COUNTRY,URY,Uruguay,2017,48.21
Tasa de fecundidad en adolescentes (nacimientos por 1 000 mujeres de 15 a 19 años),COUNTRY,URY,Uruguay,2018,42.587
Tasa de fecundidad en adolescentes (nacimientos por 1 000 mujeres de 15 a 19 años),COUNTRY,URY,Uruguay,2019,38.377
Tasa de fecundidad en adolescentes (nacimientos por 1 000 mujeres de 15 a 19 años),COUNTRY,URY,Uruguay,2020,35.927
Tasa de fecundidad en adolescentes (nacimientos por 1 000 mujeres de 15 a 19 años),COUNTRY,URY,Uruguay,2021,36.226
Tasa de fecundidad en adolescentes (nacimientos por 1 000 mujeres de 15 a 19 años),COUNTRY,URY,Uruguay,2022,35.196
Tasa de fecundidad en adolescentes (nacimientos por 1 000 mujeres de 15 a 19 años),COUNTRY,URY,Uruguay,2023,34.411
Tasa de fecundidad en adolescentes (nacimientos por 1 000 mujeres de 15 a 19 años),COUNTRY,URY,Uruguay,2024,33.622
Tasa de fecundidad en adolescentes (nacimientos por 1 000 mujeres de 15 a 19 años),COUNTRY,VCT,San Vicente y las Granadinas,1995,85.716
Tasa de fecundidad en adolescentes (nacimientos por 1 000 mujeres de 15 a 19 años),COUNTRY,VCT,San Vicente y las Granadinas,1996,80.984
Tasa de fecundidad en adolescentes (nacimientos por 1 000 mujeres de 15 a 19 años),COUNTRY,VCT,San Vicente y las Granadinas,1997,79.842
Tasa de fecundidad en adolescentes (nacimientos por 1 000 mujeres de 15 a 19 años),COUNTRY,VCT,San Vicente y las Granadinas,1998,77.334
Tasa de fecundidad en adolescentes (nacimientos por 1 000 mujeres de 15 a 19 años),COUNTRY,VCT,San Vicente y las Granadinas,1999,77.19
Tasa de fecundidad en adolescentes (nacimientos por 1 000 mujeres de 15 a 19 años),COUNTRY,VCT,San Vicente y las Granadinas,2000,77.067
Tasa de fecundidad en adolescentes (nacimientos por 1 000 mujeres de 15 a 19 años),COUNTRY,VCT,San Vicente y las Granadinas,2001,74.377
Tasa de fecundidad en adolescentes (nacimientos por 1 000 mujeres de 15 a 19 años),COUNTRY,VCT,San Vicente y las Granadinas,2002,73.74
Tasa de fecundidad en adolescentes (nacimientos por 1 000 mujeres de 15 a 19 años),COUNTRY,VCT,San Vicente y las Granadinas,2003,71.255
Tasa de fecundidad en adolescentes (nacimientos por 1 000 mujeres de 15 a 19 años),COUNTRY,VCT,San Vicente y las Granadinas,2004,67.632
Tasa de fecundidad en adolescentes (nacimientos por 1 000 mujeres de 15 a 19 años),COUNTRY,VCT,San Vicente y las Granadinas,2005,64.859
Tasa de fecundidad en adolescentes (nacimientos por 1 000 mujeres de 15 a 19 años),COUNTRY,VCT,San Vicente y las Granadinas,2006,63.434
Tasa de fecundidad en adolescentes (nacimientos por 1 000 mujeres de 15 a 19 años),COUNTRY,VCT,San Vicente y las Granadinas,2007,63.173
Tasa de fecundidad en adolescentes (nacimientos por 1 000 mujeres de 15 a 19 años),COUNTRY,VCT,San Vicente y las Granadinas,2008,64.592
Tasa de fecundidad en adolescentes (nacimientos por 1 000 mujeres de 15 a 19 años),COUNTRY,VCT,San Vicente y las Granadinas,2009,67.32
Tasa de fecundidad en adolescentes (nacimientos por 1 000 mujeres de 15 a 19 años),COUNTRY,VCT,San Vicente y las Granadinas,2010,65.682
Tasa de fecundidad en adolescentes (nacimientos por 1 000 mujeres de 15 a 19 años),COUNTRY,VCT,San Vicente y las Granadinas,2011,64.403
Tasa de fecundidad en adolescentes (nacimientos por 1 000 mujeres de 15 a 19 años),COUNTRY,VCT,San Vicente y las Granadinas,2012,64.478
Tasa de fecundidad en adolescentes (nacimientos por 1 000 mujeres de 15 a 19 años),COUNTRY,VCT,San Vicente y las Granadinas,2013,63.243
Tasa de fecundidad en adolescentes (nacimientos por 1 000 mujeres de 15 a 19 años),COUNTRY,VCT,San Vicente y las Granadinas,2014,61.615
Tasa de fecundidad en adolescentes (nacimientos por 1 000 mujeres de 15 a 19 años),COUNTRY,VCT,San Vicente y las Granadinas,2015,57.221
Tasa de fecundidad en adolescentes (nacimientos por 1 000 mujeres de 15 a 19 años),COUNTRY,VCT,San Vicente y las Granadinas,2016,53.897
Tasa de fecundidad en adolescentes (nacimientos por 1 000 mujeres de 15 a 19 años),COUNTRY,VCT,San Vicente y las Granadinas,2017,52.185
Tasa de fecundidad en adolescentes (nacimientos por 1 000 mujeres de 15 a 19 años),COUNTRY,VCT,San Vicente y las Granadinas,2018,50.273
Tasa de fecundidad en adolescentes (nacimientos por 1 000 mujeres de 15 a 19 años),COUNTRY,VCT,San Vicente y las Granadinas,2019,49.592
Tasa de fecundidad en adolescentes (nacimientos por 1 000 mujeres de 15 a 19 años),COUNTRY,VCT,San Vicente y las Granadinas,2020,48.417
Tasa de fecundidad en adolescentes (nacimientos por 1 000 mujeres de 15 a 19 años),COUNTRY,VCT,San Vicente y las Granadinas,2021,47.871
Tasa de fecundidad en adolescentes (nacimientos por 1 000 mujeres de 15 a 19 años),COUNTRY,VCT,San Vicente y las Granadinas,2022,46.51
Tasa de fecundidad en adolescentes (nacimientos por 1 000 mujeres de 15 a 19 años),COUNTRY,VCT,San Vicente y las Granadinas,2023,45.213
Tasa de fecundidad en adolescentes (nacimientos por 1 000 mujeres de 15 a 19 años),COUNTRY,VCT,San Vicente y las Granadinas,2024,44.192
